ticker,company_name,sector,industry,quote_currency,financial_currency,financial_to_quote_fx,price,market_cap,enterprise_value,revenue_ttm,financial_period_type,data_quality_notes,revenue_5y_cagr,gross_margin,operating_margin,net_margin,net_income_ttm,reported_fcf_ttm,sbc_ttm,fcf_ttm,fcf_3y_avg,fcf_5y_avg,fcf_volatility,fcf_yield,fcf_conversion,cash,total_debt,net_cash,total_assets,total_liabilities,ncav,tangible_equity,ebitda,debt_to_ebitda,interest_coverage,equity,roe,share_dilution_3y,intrinsic_value_total,intrinsic_value_per_share,buy_price_20mos,buy_price_35mos,buy_price_50mos,margin_of_safety,valuation_method,valuation_candidates,industry_model_status,model_type,model_version,risk_free_rate,discount_rate_used,accrual_ratio,mos_score,cashflow_score,balance_sheet_score,quality_score,trend_score,data_quality_score,confidence_score,final_score,trap_flags,trap_count,rating_cap,feedback_label,is_historical_replay,backtest_date,current_price,current_market_cap,return_since_backtest,historical_price_status,rating,price_data_status,cache_status,cache_age_days,reason,margin_of_safety_at_scan,scan_time
0001.HK,CK Hutchison Holdings Limited,Industrials,Conglomerates,HKD,HKD,1.0,71.0999984741211,272316158105.8159,463179158105.8159,280036000000.0,ANNUAL_FALLBACK,quarterly_ttm_unavailable_used_annual_fallback,0.021793589653788192,0.49709323087031665,0.13314359582339413,0.04228384921938608,11841000000.0,41732000000.0,,41732000000.0,33248666666.666668,32652000000.0,0.1737251534615011,0.1532483429932347,3.5243644962418714,143748000000.0,334611000000.0,-190863000000.0,1155673000000.0,467281000000.0,-254538000000.0,162367000000.0,77135000000.0,4.337991832501459,3.07201120540496,562772000000.0,0.02104049241966551,0.0,2921365119.5358887,0.762749654615211,0.6356247121793426,0.5649997441594156,0.508499769743474,-0.9892721565262363,conservative_5y_dcf,conservative_5y_dcf=2921365120; normalized_fcf_multiple=17797000000; tangible_book_0_8x=129893600000,GENERAL_OWNER_FCF_MODEL,industrial_normalized,MOS_Radar_V6.5.5,0.04666999816894531,0.1266699981689453,-0.02586458280153642,0,20.0,0.0,4.0,7.0,10.0,82.5,41.0,"operating_margin_decline,high_debt_to_ebitda,debt_exceeds_market_cap,debt_over_5x_avg_fcf",4,,,False,,,,,,D_TRAP,,MISS,0,"疑似价值陷阱：operating_margin_decline,high_debt_to_ebitda,debt_exceeds_market_cap,debt_over_5x_avg_fcf",-0.9892721565262363,2026-05-20T03:53:49
0002.HK,CLP Holdings Limited,Utilities,Utilities - Regulated Electric,HKD,HKD,1.0,75.30000305175781,190241735631.11526,248328735631.11526,88018000000.0,ANNUAL_FALLBACK,quarterly_ttm_unavailable_used_annual_fallback,-0.04375616762557266,0.3353518598468495,0.15692244768115612,0.12119111999818219,10667000000.0,7624000000.0,,7624000000.0,8285000000.0,5489750000.0,0.9141636836567772,0.04007532823808534,0.7147276647604762,3905000000.0,61992000000.0,-58087000000.0,238644000000.0,121219000000.0,-98381000000.0,98797000000.0,25511000000.0,2.4300105836697896,8.675879396984925,111482000000.0,0.09568360811610843,0.0,2905000000.0,1.1498344889447016,0.9581954074539181,0.8517292510701493,0.7665563259631344,-0.9847299542849373,latest_fcf_capped_10x,latest_fcf_capped_10x=2905000000; normalized_net_income_pe=17918000000,GENERAL_OWNER_FCF_MODEL,utility_debt_sensitive,MOS_Radar_V6.5.5,0.04666999816894531,0.1,0.012751211008866763,0,14.5,4.0,5.0,5.0,10.0,81.75,38.5,"revenue_decline,operating_margin_decline,high_fcf_volatility,debt_over_5x_avg_fcf",4,,,False,,,,,,D_TRAP,,MISS,0,"疑似价值陷阱：revenue_decline,operating_margin_decline,high_fcf_volatility,debt_over_5x_avg_fcf",-0.9847299542849373,2026-05-20T03:53:49
0003.HK,The Hong Kong and China Gas Company Limited,Utilities,Utilities - Regulated Gas,HKD,HKD,1.0,7.329999923706055,136776846394.7049,191231246394.7049,54326300000.0,ANNUAL_FALLBACK,quarterly_ttm_unavailable_used_annual_fallback,-0.037640368281665615,0.386508928456383,0.14968992918715246,0.10470435129946269,5688200000.0,5401400000.0,63900000.0,5337500000.0,3444300000.0,2907425000.0,0.5112774516610018,0.03902341763749448,0.9383460497169579,6547900000.0,61002300000.0,-54454400000.0,163555100000.0,92165800000.0,-68123000000.0,53287200000.0,14380600000.0,4.241985730776185,4.123992088848319,59351100000.0,0.0958398412160853,0.0,2427600000.0,0.13009736869819874,0.10841447391516562,0.09636842125792498,0.08673157913213249,-0.982251381984678,normalized_net_income_pe,normalized_net_income_pe=2427600000,GENERAL_OWNER_FCF_MODEL,utility_debt_sensitive,MOS_Radar_V6.5.5,0.04666999816894531,0.1,0.0021442315158622387,0,16.5,0.0,3.0,5.0,10.0,82.5,34.5,"revenue_decline,revenue_decline_streak,high_debt_to_ebitda,debt_over_5x_avg_fcf",4,,,False,,,,,,D_TRAP,,MISS,0,"疑似价值陷阱：revenue_decline,revenue_decline_streak,high_debt_to_ebitda,debt_over_5x_avg_fcf",-0.982251381984678,2026-05-20T03:53:49
0005.HK,HSBC Holdings plc,Financial Services,Banks - Diversified,HKD,USD,7.832910060882568,138.5,2375026557730.5,1490181872702.901,529575216306.2096,ANNUAL_FALLBACK,financials_converted_USD_to_HKD_fx=7.8329;quarterly_ttm_unavailable_used_annual_fallback,0.07224944433195679,0.0,0.54863,0.32992648907689803,174720891818.04657,196645207078.45688,4864237147.808075,191780969930.6488,314120581201.5534,264074813337.5645,0.512175445981178,,,1681780620441.9136,796935935414.3142,884844685027.5994,25895686823288.44,24350488655578.137,,1438999573104.8584,,,,1541665525272.8462,0.1133325542757559,-0.01834251882873983,1438999573104.8584,83.91545779827784,69.92954816523154,62.159598369094695,55.943638532185226,-0.39411221806297586,financial_pb_roe_tangible_book_1.00x,financial_pb_roe_tangible_book_1.00x=1438999573105,BANK_LIMITED_PB_ROE_NEEDS_CET1_NIM_NPL_DEPOSIT_COST,financial_pb_roe,MOS_Radar_V6.5.5,0.04666999816894531,0.1266699981689453,-0.0006587999858439672,0,0.0,0.0,16.0,0.0,10.0,80.0,26.0,,0,,,False,,,,,,PASS,,MISS,0,金融股当前价格高于保守 PB/ROE 价值，没有安全边际,-0.39411221806297586,2026-05-20T03:53:49
0006.HK,Power Assets Holdings Limited,Utilities,Utilities - Independent Power Producers,HKD,HKD,1.0,64.80000305175781,138095620482.8168,138884620482.8168,771000000.0,ANNUAL_FALLBACK,quarterly_ttm_unavailable_used_annual_fallback,-0.1521455885433789,0.5953307392996109,0.543450064850843,8.088197146562905,6236000000.0,883000000.0,,883000000.0,1067333333.3333334,1067333333.3333334,0.3213095939518064,0.006394120225629251,0.1415971776779987,2531000000.0,3320000000.0,-789000000.0,98325000000.0,7600000000.0,-4581000000.0,,6686000000.0,0.4965599760693987,1.837719298245614,90725000000.0,0.0687351887572334,0.0,5086162403.136272,2.3866313652283875,1.9888594710236562,1.767875085354361,1.591087576818925,-0.9631692707896616,conservative_5y_dcf,conservative_5y_dcf=5086162403; normalized_fcf_multiple=6275000000; latest_fcf_capped_10x=6275000000; asset_plus_fcf_8x=6275000000; normalized_net_income_pe=59228500000,GENERAL_OWNER_FCF_MODEL,utility_debt_sensitive,MOS_Radar_V6.5.5,0.04666999816894531,0.1,0.0544419018560895,0,10.0,8.0,9.0,4.0,10.0,75.0,41.0,"revenue_decline,revenue_decline_streak,weak_interest_coverage,weak_cash_conversion",4,,,False,,,,,,D_TRAP,,MISS,0,"疑似价值陷阱：revenue_decline,revenue_decline_streak,weak_interest_coverage,weak_cash_conversion",-0.9631692707896616,2026-05-20T03:53:49
0011.HK,,,,,,,,,,,,,,,,,,,,,,,,,,,,,,,,,,,,,,,,,,,,,,,,,MOS_Radar_V6.5.5,,,,0,0.0,0.0,0.0,0.0,0.0,0.0,0.0,,0,,,False,,,,,,NO_DATA,NO_RECENT_YAHOO_PRICE,MISS,0,Yahoo 近期价格缺失，跳过该港股，避免无效 ticker 反复重试,,2026-05-20T03:53:49
0012.HK,Henderson Land Development Company Limited,Real Estate,Real Estate - Diversified,HKD,HKD,1.0,32.2400016784668,156086325102.82733,,,,,,,,,,,,,,,,,,,,,,,,,,,,,,,,,,,,,,,REIT_SKIPPED_NEEDS_AFFO_NOI_CAP_RATE,reit_needs_affo,MOS_Radar_V6.5.5,,,,0,0.0,0.0,0.0,0.0,0.0,0.0,0.0,,0,,,False,,,,,,SKIP,,MISS,0,REIT/地产类公司需要 AFFO/NOI 专门模型，当前模型暂不自动估值,,2026-05-20T03:53:49
0016.HK,Sun Hung Kai Properties Limited,Real Estate,Real Estate - Development,HKD,HKD,1.0,135.3000030517578,392069679915.52356,,,,,,,,,,,,,,,,,,,,,,,,,,,,,,,,,,,,,,,REIT_SKIPPED_NEEDS_AFFO_NOI_CAP_RATE,reit_needs_affo,MOS_Radar_V6.5.5,,,,0,0.0,0.0,0.0,0.0,0.0,0.0,0.0,,0,,,False,,,,,,SKIP,,MISS,0,REIT/地产类公司需要 AFFO/NOI 专门模型，当前模型暂不自动估值,,2026-05-20T03:53:49
0017.HK,New World Development Company Limited,Real Estate,Real Estate - Diversified,HKD,HKD,1.0,8.3100004196167,20912947056.007385,,,,,,,,,,,,,,,,,,,,,,,,,,,,,,,,,,,,,,,REIT_SKIPPED_NEEDS_AFFO_NOI_CAP_RATE,reit_needs_affo,MOS_Radar_V6.5.5,,,,0,0.0,0.0,0.0,0.0,0.0,0.0,0.0,,0,,,False,,,,,,SKIP,,MISS,0,REIT/地产类公司需要 AFFO/NOI 专门模型，当前模型暂不自动估值,,2026-05-20T03:53:49
0027.HK,Galaxy Entertainment Group Limited,Consumer Cyclical,Resorts & Casinos,HKD,HKD,1.0,32.880001068115234,143989439288.09372,131705201288.09372,49242325000.0,ANNUAL_FALLBACK,quarterly_ttm_unavailable_used_annual_fallback,0.6250891095004321,0.5595165337948604,0.1954139452188742,0.21675997223932866,10673765000.0,10780229000.0,229454000.0,10550775000.0,7431915000.0,3514484000.0,2.0086926165382213,0.07327464466953049,0.9884773554598588,14321520000.0,2037282000.0,12284238000.0,99844492000.0,16213008000.0,3860104000.0,81181504000.0,14882457000.0,0.13689150924474366,60.35990866949774,83143496000.0,0.128377630404187,0.0009934324017020213,2586269680.0,0.5905749078631601,0.4921457565526335,0.4374628947134519,0.3937166052421068,-0.9820384766217098,ncav_2_3,ncav_2_3=2586269680; asset_plus_fcf_8x=40400110000; normalized_fcf_multiple=47429078000; conservative_5y_dcf=53389830867; tangible_book_0_8x=64945203200; normalized_net_income_pe=75059032500; latest_fcf_capped_10x=117791988000,GENERAL_OWNER_FCF_MODEL,consumer_cyclical,MOS_Radar_V6.5.5,0.04666999816894531,0.1266699981689453,0.0012318155717593315,0,19.0,13.0,10.0,9.0,10.0,92.5,61.0,"gross_margin_decline,high_fcf_volatility",2,,,False,,,,,,PASS,,MISS,0,当前价格高于保守内在价值，没有安全边际,-0.9820384766217098,2026-05-20T03:53:49
0066.HK,MTR Corporation Limited,Industrials,Railroads,HKD,HKD,1.0,33.15999984741211,206062211565.71136,250868211565.71136,55465000000.0,ANNUAL_FALLBACK,quarterly_ttm_unavailable_used_annual_fallback,0.050737024181204404,0.23512124763364284,0.14394663301180924,0.27608401694762463,15313000000.0,-7720000000.0,,-7720000000.0,-3341333333.3333335,-3518750000.0,,-0.03746441398129983,-0.5041468033696859,44242000000.0,89048000000.0,-44806000000.0,398938000000.0,182543000000.0,-113477000000.0,174050000000.0,21187000000.0,4.202954641997451,3.517180616740088,215711000000.0,0.07098849850030828,-0.00015516855624420067,89108000000.0,14.339462068041197,11.949551723367664,10.62182375410459,9.559641378694131,-0.5675674869111833,normalized_net_income_pe,normalized_net_income_pe=89108000000; tangible_book_0_8x=139240000000,GENERAL_OWNER_FCF_MODEL,industrial_normalized,MOS_Radar_V6.5.5,0.04666999816894531,0.1266699981689453,0.05773578851851666,0,0.0,0.0,3.0,7.0,10.0,60.0,20.0,"latest_fcf_negative,avg_fcf_not_positive,high_debt_to_ebitda,weak_cash_conversion",4,,,False,,,,,,D_TRAP,,MISS,0,"疑似价值陷阱：latest_fcf_negative,avg_fcf_not_positive,high_debt_to_ebitda,weak_cash_conversion",-0.5675674869111833,2026-05-20T03:53:49
0101.HK,Hang Lung Properties Limited,Real Estate,Real Estate Services,HKD,HKD,1.0,8.380000114440918,42374697762.64726,,,,,,,,,,,,,,,,,,,,,,,,,,,,,,,,,,,,,,,REIT_SKIPPED_NEEDS_AFFO_NOI_CAP_RATE,reit_needs_affo,MOS_Radar_V6.5.5,,,,0,0.0,0.0,0.0,0.0,0.0,0.0,0.0,,0,,,False,,,,,,SKIP,,MISS,0,REIT/地产类公司需要 AFFO/NOI 专门模型，当前模型暂不自动估值,,2026-05-20T03:53:49
0175.HK,Geely Automobile Holdings Limited,Consumer Cyclical,Auto Manufacturers,HKD,CNY,1.1497000455856323,19.8700008392334,214275905277.59073,189421849500.42688,396913477227.3282,ANNUAL_FALLBACK,financials_converted_CNY_to_HKD_fx=1.1497;quarterly_ttm_unavailable_used_annual_fallback,0.3263285298383507,0.1661106056558148,0.03711899111056561,0.048814192161640214,19375010748.919605,33749119473.05334,1358100424.348712,32391019048.704628,20216152763.337574,16367143070.507587,0.6780424190240053,0.1511650085283393,1.6717936040634622,75097578043.92064,50243522266.756775,24854055777.163864,333884498310.32776,226255089405.21933,-42978061810.68112,59731436839.0528,42363650609.31969,1.186005491597166,18.368732933410737,106230547015.34355,0.18238643491237178,0.07944868211841194,47785149471.24225,4.431160651807433,3.6926338765061946,3.2823412235610614,2.9541071012049556,-0.7769924275464504,tangible_book_0_8x,tangible_book_0_8x=47785149471; asset_plus_fcf_8x=155791200341; normalized_net_income_pe=164704020579; normalized_fcf_multiple=188525486482; conservative_5y_dcf=216285036671; latest_fcf_capped_10x=348764246264,GENERAL_OWNER_FCF_MODEL,consumer_cyclical,MOS_Radar_V6.5.5,0.04666999816894531,0.1266699981689453,-0.03898356577096113,0,20.0,14.0,4.0,8.0,10.0,100.0,56.0,,0,,,False,,,,,,PASS,,MISS,0,当前价格高于保守内在价值，没有安全边际,-0.7769924275464504,2026-05-20T03:53:49
0241.HK,Alibaba Health Information Technology Limited,Healthcare,Pharmaceutical Retailers,HKD,CNY,1.1497000455856323,3.940000057220459,63531208563.26113,57944281431.23934,35178857707.24249,ANNUAL_FALLBACK,financials_converted_CNY_to_HKD_fx=1.1497;quarterly_ttm_unavailable_used_annual_fallback,0.14138994429954166,0.24289234837029464,0.05150820183035053,0.04681395288338316,1646861387.1980906,1582136723.7317562,258147899.73556995,1323988823.9961863,721807748.48636,541686350.1278758,1.0963986018753749,0.020839975406383555,0.8039467281753276,5674195113.981962,87267981.96017742,5586927132.021785,26747258794.329407,6550912680.143833,10722697020.055176,18956473944.324615,1862723319.257021,0.046849674913065326,604.0870065159065,20195466593.6507,0.0815460925134481,0.0020411434638392123,9920417933.044792,0.6152322316507967,0.5126935263756639,0.4557275790005901,0.4101548211005311,-0.8438496896660396,asset_plus_fcf_8x,asset_plus_fcf_8x=9920417933; normalized_fcf_multiple=11545476983; conservative_5y_dcf=12806879149; normalized_net_income_pe=14506306984; latest_fcf_capped_10x=18826815372,GENERAL_OWNER_FCF_MODEL,healthcare,MOS_Radar_V6.5.5,0.04666999816894531,0.11,0.012071239362680238,0,13.0,13.0,0.0,9.0,10.0,94.5,45.0,high_fcf_volatility,1,,,False,,,,,,PASS,,MISS,0,当前价格高于保守内在价值，没有安全边际,-0.8438496896660396,2026-05-20T03:53:49
0267.HK,CITIC Limited,Industrials,Conglomerates,HKD,CNY,1.1497000455856323,13.029999732971191,379046114300.96185,3328816575159.4263,1083750951570.7493,ANNUAL_FALLBACK,financials_converted_CNY_to_HKD_fx=1.1497;quarterly_ttm_unavailable_used_annual_fallback,0.08414662277744012,0.3418597595259262,0.13196264101383565,0.061743744682476204,66914842053.17497,-108492594501.73376,,-108492594501.73376,1708454267.740265,-14033924246.895456,,-0.2862253177342714,-1.6213532181024706,235881658952.713,3185652119811.1772,-2949770460858.4644,14365881470607.52,12686395045215.846,-2909782743572.951,823853208365.7981,199283257401.58557,15.98554821588254,9.482619301722824,879152630858.4214,0.07611288382068315,0.0,659082566692.6385,22.65646670418659,18.880388920155493,16.782567929027103,15.104311136124394,0.7387925685720874,tangible_book_0_8x,tangible_book_0_8x=659082566693,GENERAL_OWNER_FCF_MODEL,industrial_normalized,MOS_Radar_V6.5.5,0.04666999816894531,0.1266699981689453,0.012210001656618912,40,0.0,0.0,2.0,7.0,10.0,60.0,59.0,"latest_fcf_negative,avg_fcf_not_positive,gross_margin_decline,operating_margin_decline,high_debt_to_ebitda,debt_exceeds_market_cap,weak_cash_conversion",7,,,False,,,,,,D_TRAP,,MISS,0,"疑似价值陷阱：latest_fcf_negative,avg_fcf_not_positive,gross_margin_decline,operating_margin_decline,high_debt_to_ebitda,debt_exceeds_market_cap,weak_cash_conversion",0.7387925685720874,2026-05-20T03:53:49
0268.HK,Kingdee International Software Group Company Limited,Technology,Software - Application,HKD,CNY,1.1497000455856323,8.010000228881836,28138895077.765152,26238069549.29738,8054839908.574581,ANNUAL_FALLBACK,financials_converted_CNY_to_HKD_fx=1.1497;quarterly_ttm_unavailable_used_annual_fallback,0.12920716669577148,0.6714507319117401,2.4978461429544466e-05,0.013261992944369683,106823230.03554344,587379453.8896084,120857618.49200726,466521835.3976011,89678136.48907344,-113363873.5948801,,0.016579252103123207,4.3672320640592375,1948667996.4647293,47842467.99695492,1900825528.4677744,16769627188.216091,7332060280.316353,-637381058.5721731,7602168509.626149,798011400.4411697,0.05995211092285882,0.0438266967192587,9436157375.643848,0.011320628279395846,-0.011818960756444619,2618250620.380362,0.7453095798736089,0.6210913165613408,0.5520811702767473,0.4968730532490726,-0.9069526144098935,asset_plus_fcf_8x,asset_plus_fcf_8x=2618250620; normalized_fcf_multiple=3066641303; normalized_net_income_pe=3396350749; conservative_5y_dcf=3445522888; latest_fcf_capped_10x=6566043882,SOFTWARE_OWNER_FCF_SBC_ADJUSTED_NEEDS_NRR_RPO_RULE_OF_40_REVIEW,software_tech,MOS_Radar_V6.5.5,0.04666999816894531,0.11666999816894533,-0.021449409776671455,0,10.0,13.0,4.0,8.0,10.0,85.0,45.0,"avg_fcf_not_positive,weak_interest_coverage",2,,,False,,,,,,PASS,,MISS,0,当前价格高于保守内在价值，没有安全边际,-0.9069526144098935,2026-05-20T03:53:49
0285.HK,BYD Electronic (International) Company Limited,Technology,Electronic Components,HKD,CNY,1.1497000455856323,26.299999237060547,59072651836.35521,53713156067.95109,206345179560.39096,ANNUAL_FALLBACK,financials_converted_CNY_to_HKD_fx=1.1497;quarterly_ttm_unavailable_used_annual_fallback,0.1874723775704128,0.05993325488483219,0.020470426461037958,0.019582253373800748,4040703588.613987,16877922034.309982,76441256.63089752,16801480777.679085,10618804950.28585,10618804950.28585,,0.2844206287576701,4.158058221598533,15580939664.384604,10221443895.980476,5359495768.404127,96128920259.31383,56531008774.25575,6331936210.661407,31390446596.031902,12017898504.609943,0.850518407362122,9.921467651077757,39597911485.05807,0.10204335120398236,-0.0031492924854357174,60403922838.81689,26.892700347653236,22.410583623044364,19.920518776039433,17.92846689843549,0.022536164554616645,normalized_net_income_pe,normalized_net_income_pe=60403922839; asset_plus_fcf_8x=90309935371; normalized_fcf_multiple=143403960122; latest_fcf_capped_10x=173374303545; conservative_5y_dcf=188267399612,SOFTWARE_OWNER_FCF_SBC_ADJUSTED_NEEDS_NRR_RPO_RULE_OF_40_REVIEW,software_tech,MOS_Radar_V6.5.5,0.04666999816894531,0.11666999816894533,-0.13274649454755236,10,20.0,13.0,2.0,10.0,10.0,92.5,65.0,"gross_margin_decline,operating_margin_decline",2,,,False,,,,,,C_THIN,,MISS,0,安全边际低于 20%，偏薄，不优先,0.022536164554616645,2026-05-20T03:53:49
0288.HK,WH Group Limited,Consumer Defensive,Packaged Foods,HKD,USD,7.832910060882568,9.229999542236328,118422920573.2916,132013019528.92285,219525137366.29486,ANNUAL_FALLBACK,financials_converted_USD_to_HKD_fx=7.8329;quarterly_ttm_unavailable_used_annual_fallback,-0.0013048960230386264,0.17794191108256618,0.08206665239420538,0.05591236708770427,12274170065.402985,15000022766.590118,,15000022766.590118,11832916131.973267,10492183026.5522,0.39217344775645674,0.12666486094055288,1.2220804084237396,18704989225.387573,32295088181.01883,-13590098955.631256,171619059433.93707,71318646104.33578,4754576406.955719,57007919423.10333,26232415793.89572,1.2311137653030755,16.083916083916083,87626764851.09329,0.14007329936533477,0.0,70347365256.78635,5.482943217194311,4.5691193476619265,4.061439420143934,3.6552954781295406,-0.405964952424488,asset_plus_fcf_8x,asset_plus_fcf_8x=70347365257; conservative_5y_dcf=97234598321; normalized_fcf_multiple=112316097363; normalized_net_income_pe=118226028004; latest_fcf_capped_10x=136410128710,GENERAL_OWNER_FCF_MODEL,defensive_consumer,MOS_Radar_V6.5.5,0.04666999816894531,0.1,-0.015883158375171156,0,20.0,7.0,3.0,6.0,10.0,100.0,46.0,,0,,,False,,,,,,PASS,,MISS,0,当前价格高于保守内在价值，没有安全边际,-0.405964952424488,2026-05-20T03:53:49
0291.HK,China Resources Beer (Holdings) Company Limited,Consumer Defensive,Beverages - Brewers,HKD,CNY,1.1497000455856323,26.360000610351562,85511841979.98047,81471796019.79256,43671356231.570244,ANNUAL_FALLBACK,financials_converted_CNY_to_HKD_fx=1.1497;quarterly_ttm_unavailable_used_annual_fallback,0.025095415399798204,0.4306963274976965,0.16114255627221272,0.08874555745689088,3875638853.6691666,6125601842.880249,,6125601842.880249,4243159634.9080405,4672668410.271406,0.3646609102887195,0.07163454442151228,1.5805398991397213,7953624915.361404,3913578955.1734924,4040045960.187912,78907363228.67871,37559550789.23702,-13173263122.320175,12420209592.461586,8957313055.157661,0.4369143883968682,105.53448275862068,37091622870.68367,0.10448825243320314,0.0,37985323039.45224,11.70940907504693,9.757840895872441,8.673636351886614,7.806272716697953,-0.5557887403671512,asset_plus_fcf_8x,asset_plus_fcf_8x=37985323039; conservative_5y_dcf=54100723088; normalized_net_income_pe=54423351058; normalized_fcf_multiple=54957961579; latest_fcf_capped_10x=65296064389,GENERAL_OWNER_FCF_MODEL,defensive_consumer,MOS_Radar_V6.5.5,0.04666999816894531,0.1,-0.028513980155318867,0,19.0,13.0,8.0,7.0,10.0,97.5,57.0,revenue_decline_streak,1,,,False,,,,,,PASS,,MISS,0,当前价格高于保守内在价值，没有安全边际,-0.5557887403671512,2026-05-20T03:53:49
0316.HK,Orient Overseas (International) Limited,Industrials,Marine Shipping,HKD,USD,7.832910060882568,141.60000610351562,93508862885.79874,54628380897.65386,76155421069.4704,ANNUAL_FALLBACK,financials_converted_USD_to_HKD_fx=7.8329;quarterly_ttm_unavailable_used_annual_fallback,-0.21133971492663717,0.16811694612514033,0.1193510636262671,0.15566818554992168,11854976217.674732,-177243088.85765076,0.0,-177243088.85765076,3045244830.859661,23289949839.65742,1.5420317868583109,-0.0018954683373074018,-0.014950944278858765,48902283099.720955,10021801111.57608,38880481988.144875,138400071678.3271,33334452682.81746,22913932950.412277,104985903469.82002,19917852685.03475,0.5031567041916092,63.440489858400305,105028107189.22806,0.11287432035993702,0.0,15352335076.776226,23.247964668650475,19.373303890542065,17.22071456937072,15.49864311243365,-0.8358194656315536,ncav_2_3,ncav_2_3=15352335077; conservative_5y_dcf=59957670666; asset_plus_fcf_8x=63242440635; normalized_fcf_multiple=69332930297; tangible_book_0_8x=83988722776; normalized_net_income_pe=169285220383,GENERAL_OWNER_FCF_MODEL,industrial_normalized,MOS_Radar_V6.5.5,0.04666999816894531,0.1266699981689453,0.08693795574396788,0,5.0,15.0,4.0,3.0,10.0,67.5,37.0,"latest_fcf_negative,revenue_decline,high_fcf_volatility,weak_cash_conversion",4,,,False,,,,,,D_TRAP,,MISS,0,"疑似价值陷阱：latest_fcf_negative,revenue_decline,high_fcf_volatility,weak_cash_conversion",-0.8358194656315536,2026-05-20T03:53:49
0386.HK,China Petroleum & Chemical Corporation,Energy,Oil & Gas Integrated,HKD,CNY,1.1497000455856323,4.510000228881836,545374096818.8737,1062685081430.2656,3198180401207.924,ANNUAL_FALLBACK,financials_converted_CNY_to_HKD_fx=1.1497;quarterly_ttm_unavailable_used_annual_fallback,-0.05696748039491284,0.1684485173372752,0.018875873909679944,0.011674656834973068,37337658680.438995,33192990016.102783,,33192990016.102783,11116449740.767477,-7832618985.563515,,0.06086279163186336,0.8889949501170092,93186637794.85226,610497622406.2443,-517310984611.39197,2475861802667.9756,1341250420480.609,-740255068951.1299,917224947867.9895,217671559930.6822,2.8046733463970126,2.8515260128163353,951334248820.4241,0.03924767633114713,-0.0026369982200569186,733779958294.3916,6.068032565462475,5.056693804552062,4.494838937379611,4.04535504364165,0.34546169789594927,tangible_book_0_8x,tangible_book_0_8x=733779958294,COMMODITY_CYCLE_LIMITED_NEEDS_MID_CYCLE_PRICE_COST_RESERVE_REVIEW,energy_cyclical,MOS_Radar_V6.5.5,0.04666999816894531,0.13666999816894532,0.0016740306990761515,22,11.0,2.0,0.0,3.0,10.0,76.5,48.0,"avg_fcf_not_positive,revenue_decline,revenue_decline_streak,operating_margin_decline,weak_interest_coverage,debt_exceeds_market_cap",6,,,False,,,,,,D_TRAP,,MISS,0,"疑似价值陷阱：avg_fcf_not_positive,revenue_decline,revenue_decline_streak,operating_margin_decline,weak_interest_coverage,debt_exceeds_market_cap",0.34546169789594927,2026-05-20T03:53:49
0388.HK,Hong Kong Exchanges and Clearing Limited,Financial Services,Financial Data & Stock Exchanges,HKD,HKD,1.0,410.6000061035156,519011165878.2334,349282165878.2334,23745000000.0,ANNUAL_FALLBACK,quarterly_ttm_unavailable_used_annual_fallback,0.11927689678271247,0.8079174563065908,0.6788797641608759,0.7476942514213518,17754000000.0,23894000000.0,361000000.0,23533000000.0,14676000000.0,14330000000.0,0.381700377019563,,,170605000000.0,876000000.0,169729000000.0,564880000000.0,509127000000.0,21078000000.0,35006000000.0,27398000000.0,,,55151000000.0,0.3219161937226886,0.00015030686911310376,50758700000.0,40.15621223589668,33.46351019658057,29.745342396960503,26.770808157264455,-0.9022011406746716,financial_pb_roe_tangible_book_1.45x,financial_pb_roe_tangible_book_1.45x=50758700000,FINANCIAL_LIMITED_PB_ROE_NEEDS_INDUSTRY_SPECIFIC_REVIEW,financial_pb_roe,MOS_Radar_V6.5.5,0.04666999816894531,0.1266699981689453,-0.010230491431808526,0,0.0,0.0,25.0,0.0,10.0,80.0,35.0,,0,,,False,,,,,,PASS,,MISS,0,金融股当前价格高于保守 PB/ROE 价值，没有安全边际,-0.9022011406746716,2026-05-20T03:53:49
0669.HK,Techtronic Industries Company Limited,Industrials,Tools & Accessories,HKD,USD,7.832910060882568,114.5999984741211,209688194446.63843,210303978671.0747,119526549560.06956,ANNUAL_FALLBACK,financials_converted_USD_to_HKD_fx=7.8329;quarterly_ttm_unavailable_used_annual_fallback,0.04809101696090701,0.41232828029534063,0.0875579219888315,0.07852756699697166,9386129128.495216,10882387274.145126,307911694.49329376,10574475579.651833,10588010848.237038,8332440192.422748,0.48226142902484176,0.050429522785284085,1.1266066591337351,13141500363.53445,13757284587.970734,-615784224.4362831,105188180539.23225,50683236194.4437,15270649809.193611,39977849188.944336,17769120964.223385,0.7742242632975406,13.826467148903584,54504944344.78855,0.17220692987264125,-0.0016891293205326674,10231335372.15972,5.5916882737817,4.659740228151417,4.14199131391237,3.7277921825211333,-0.9512069079560729,ncav_2_3,ncav_2_3=10231335372; tangible_book_0_8x=31982279351; asset_plus_fcf_8x=41682118094; normalized_fcf_multiple=52256593674; conservative_5y_dcf=53927217345; normalized_net_income_pe=93590828733,GENERAL_OWNER_FCF_MODEL,industrial_normalized,MOS_Radar_V6.5.5,0.04666999816894531,0.1266699981689453,-0.011297338209147901,0,18.0,8.0,8.0,7.0,10.0,100.0,51.0,,0,,,False,,,,,,PASS,,MISS,0,当前价格高于保守内在价值，没有安全边际,-0.9512069079560729,2026-05-20T03:53:49
0688.HK,China Overseas Land & Investment Limited,Real Estate,Real Estate - Development,HKD,CNY,1.1497000455856323,15.720000267028809,172053572092.79922,,,,financials_converted_CNY_to_HKD_fx=1.1497,,,,,,,,,,,,,,,,,,,,,,,,,,,,,,,,,,,REIT_SKIPPED_NEEDS_AFFO_NOI_CAP_RATE,reit_needs_affo,MOS_Radar_V6.5.5,,,,0,0.0,0.0,0.0,0.0,0.0,0.0,0.0,,0,,,False,,,,,,SKIP,,MISS,0,REIT/地产类公司需要 AFFO/NOI 专门模型，当前模型暂不自动估值,,2026-05-20T03:53:49
0700.HK,Tencent Holdings Limited,Communication Services,Internet Content & Information,HKD,CNY,1.1497000455856323,458.0,4137896245680.0,4402820477484.252,864305404469.7285,ANNUAL_FALLBACK,financials_converted_CNY_to_HKD_fx=1.1497;quarterly_ttm_unavailable_used_annual_fallback,0.10674304478103402,0.5621336958574875,0.3309101502329182,0.29908508764695396,258500857649.56476,218639607369.06525,29501303169.727325,189138304199.33792,176196897252.87753,152351351840.73447,0.27780323818031744,0.04570880780222558,0.7316737976000923,209310941199.18347,474235173003.4351,-264924231804.25165,2314702598778.0093,931787048645.3772,-304629122878.5515,1007268305738.2107,410135946361.89935,1.156287755828589,18.487440546967896,1281500509111.5237,0.20171732731404518,,953886582921.624,105.58023426377846,87.98352855314873,78.20758093613219,70.38682284251898,-0.769475471039785,asset_plus_fcf_8x,asset_plus_fcf_8x=953886582922; normalized_fcf_multiple=1410940638444; latest_fcf_capped_10x=1626458810189; conservative_5y_dcf=1847750229711; normalized_net_income_pe=2226616030385,GENERAL_OWNER_FCF_MODEL,communication_services,MOS_Radar_V6.5.5,0.04666999816894531,0.11,0.02996607576577877,0,14.5,4.0,13.0,7.0,10.0,100.0,48.5,,0,,,False,,,,,,PASS,,MISS,0,当前价格高于保守内在价值，没有安全边际,-0.769475471039785,2026-05-20T03:53:49
0762.HK,China Unicom (Hong Kong) Limited,Communication Services,Telecom Services,HKD,CNY,1.1497000455856323,7.840000152587891,239888324668.88428,250210331678.15207,450938800979.73346,ANNUAL_FALLBACK,financials_converted_CNY_to_HKD_fx=1.1497;quarterly_ttm_unavailable_used_annual_fallback,0.03385049329985512,0.6883711562045062,0.05605994549019308,0.053071849432593195,23932156148.910522,25907340827.226624,,25907340827.226624,22692013033.072147,25086167569.6671,0.23760807493433422,0.10799750618537311,1.0825326671790925,28867818444.609642,39189825453.87745,-10322007009.267807,769859845124.96,343474038318.75323,-149221868316.6504,386593538528.4424,123701976404.7861,0.31680840187741066,16.771929824561404,423413832188.36786,0.056521904410207394,0.0,171214097255.3094,5.595597661785391,4.6629980514878255,4.144887156878067,3.7303984411902604,-0.2862758223367699,asset_plus_fcf_8x,asset_plus_fcf_8x=171214097255; normalized_fcf_multiple=239290136355; conservative_5y_dcf=240870751053; latest_fcf_capped_10x=248751401263; normalized_net_income_pe=254913793507,GENERAL_OWNER_FCF_MODEL,communication_services,MOS_Radar_V6.5.5,0.04666999816894531,0.11,-0.002565641903294097,0,20.0,8.0,4.0,6.0,10.0,92.5,48.0,"gross_margin_decline,operating_margin_decline",2,,,False,,,,,,PASS,,MISS,0,当前价格高于保守内在价值，没有安全边际,-0.2862758223367699,2026-05-20T03:53:49
0823.HK,Link Real Estate Investment Trust,Real Estate,REIT - Retail,HKD,HKD,1.0,40.68000030517578,105724840248.77325,,,,,,,,,,,,,,,,,,,,,,,,,,,,,,,,,,,,,,,REIT_SKIPPED_NEEDS_AFFO_NOI_CAP_RATE,reit_needs_affo,MOS_Radar_V6.5.5,,,,0,0.0,0.0,0.0,0.0,0.0,0.0,0.0,,0,,,False,,,,,,SKIP,,MISS,0,REIT/地产类公司需要 AFFO/NOI 专门模型，当前模型暂不自动估值,,2026-05-20T03:53:49
0836.HK,China Resources Power Holdings Company Limited,Utilities,Utilities - Independent Power Producers,HKD,HKD,1.0,20.219999313354492,104680103947.99655,311236797947.9966,102009878000.0,ANNUAL_FALLBACK,quarterly_ttm_unavailable_used_annual_fallback,-0.004196856777821889,0.517923548541054,0.20983682580230123,0.14495863822129068,14787213000.0,-2526987000.0,,-2526987000.0,-9479705000.0,-9213043000.0,,-0.024140088753211095,-0.1708900115254984,11674566000.0,218231260000.0,-206556694000.0,409364215000.0,275724659000.0,-215444288000.0,120175499000.0,42177513000.0,5.1741139881813325,5.502877609251333,122215795000.0,0.12099265074534761,0.0,,,,,,,NO_VALID_VALUATION,,GENERAL_OWNER_FCF_MODEL,utility_debt_sensitive,MOS_Radar_V6.5.5,0.04666999816894531,0.1,0.04229534328006663,0,0.0,0.0,9.0,4.0,10.0,60.0,23.0,"latest_fcf_negative,avg_fcf_not_positive,high_debt_to_ebitda,debt_exceeds_market_cap,weak_cash_conversion",5,,,False,,,,,,NO_DATA,,MISS,0,估值数据不足：NO_VALID_VALUATION,,2026-05-20T03:53:49
0857.HK,PetroChina Company Limited,Energy,Oil & Gas Integrated,HKD,CNY,1.1497000455856323,11.180000305175781,2046174587858.8098,2242268577333.941,3313025088461.5186,ANNUAL_FALLBACK,financials_converted_CNY_to_HKD_fx=1.1497;quarterly_ttm_unavailable_used_annual_fallback,-0.040149499317361226,0.21981140620125394,0.08826978220411064,0.05690885373379006,188540460175.63342,137643239157.5575,,137643239157.5575,152504261946.7974,157496546969.74158,0.1985452831717712,0.06726857032350905,0.7300461610698149,300650011020.7796,496744000495.91064,-196093989475.13104,3493419923814.1777,1382837370529.5325,-519589690101.7428,1753215539615.035,291050015640.1396,1.7067307122570146,14.656410256410258,1867724514455.3184,0.1009466110855311,0.0,194389377608.2666,1.0621152827714186,0.8850960689761822,0.7867520613121619,0.7080768551809458,-0.9049986356190247,conservative_5y_dcf,conservative_5y_dcf=194389377608; normalized_fcf_multiple=285657347576; asset_plus_fcf_8x=354478967155; normalized_net_income_pe=1257425790157; tangible_book_0_8x=1402572431692,COMMODITY_CYCLE_LIMITED_NEEDS_MID_CYCLE_PRICE_COST_RESERVE_REVIEW,energy_cyclical,MOS_Radar_V6.5.5,0.04666999816894531,0.13666999816894532,0.01456945403875336,0,16.0,7.0,3.0,4.0,10.0,82.5,40.0,"revenue_decline,revenue_decline_streak,gross_margin_decline,operating_margin_decline",4,,,False,,,,,,D_TRAP,,MISS,0,"疑似价值陷阱：revenue_decline,revenue_decline_streak,gross_margin_decline,operating_margin_decline",-0.9049986356190247,2026-05-20T03:53:49
0868.HK,Xinyi Glass Holdings Limited,Basic Materials,Building Materials,HKD,CNY,1.1497000455856323,10.130000114440918,44816223177.05908,47323876485.38759,23947118345.303772,ANNUAL_FALLBACK,financials_converted_CNY_to_HKD_fx=1.1497;quarterly_ttm_unavailable_used_annual_fallback,-0.02874507466809062,0.31119053451113915,0.1669338740662424,0.13101935598103684,3137536023.203373,4473733511.983633,91911620.44429779,4381821891.539335,2122059242.3730295,2603517057.320595,0.6347594090253543,0.0977731183243112,1.3965805839786236,3019160607.109785,5526813915.438294,-2507653308.3285093,54752887282.55319,12377261397.55869,1318677209.7855797,41057344172.02461,5224655497.957706,1.0578331753354264,28.36246472094882,42319164115.7558,0.0741398392137722,0.015357578662217763,883513730.5563384,0.19970433823230405,0.16642028186025337,0.14792913943133632,0.1331362254882027,-0.9802858503478579,ncav_2_3,ncav_2_3=883513731; conservative_5y_dcf=11042979911; normalized_fcf_multiple=14468820631; asset_plus_fcf_8x=14468820631; normalized_net_income_pe=25730170901; tangible_book_0_8x=32845875338,COMMODITY_CYCLE_LIMITED_NEEDS_MID_CYCLE_PRICE_COST_RESERVE_REVIEW,materials_cyclical,MOS_Radar_V6.5.5,0.04666999816894531,0.13666999816894532,-0.022725484081137205,0,19.0,7.0,5.0,5.0,10.0,92.5,46.0,"revenue_decline_streak,operating_margin_decline",2,,,False,,,,,,PASS,,MISS,0,当前价格高于保守内在价值，没有安全边际,-0.9802858503478579,2026-05-20T03:53:49
0881.HK,Zhongsheng Group Holdings Limited,Consumer Cyclical,Auto & Truck Dealerships,HKD,CNY,1.1497000455856323,6.409999847412109,15172430300.6554,37197600828.25389,189014628666.0342,ANNUAL_FALLBACK,financials_converted_CNY_to_HKD_fx=1.1497;quarterly_ttm_unavailable_used_annual_fallback,-0.029502255414432077,0.0537563973422744,-0.00789644118612904,-0.010177938625464672,-1923779289.8778915,7433936351.055742,,7433936351.055742,4272792770.3496614,4622602422.386289,0.4862558459615582,0.48996345369499705,-3.8642355649475766,17821624574.22781,39846795101.82631,-22025170527.5985,119250442450.9827,69204499586.15994,1273206572.982666,28864329104.97129,2608490050.2266884,15.275808737841826,-0.8498094117785681,50210044151.129364,-0.03831463051670351,0.0,853048403.8983862,0.36039316249734876,0.30032763541445734,0.26695789814618426,0.24026210833156583,-0.9437764163687383,ncav_2_3,ncav_2_3=853048404; conservative_5y_dcf=10171821447; asset_plus_fcf_8x=12157171635; normalized_net_income_pe=19851520029; normalized_fcf_multiple=20702757176; tangible_book_0_8x=23091463284; latest_fcf_capped_10x=52314192983,GENERAL_OWNER_FCF_MODEL,consumer_cyclical,MOS_Radar_V6.5.5,0.04666999816894531,0.1266699981689453,-0.07847111883698106,0,15.0,0.0,0.0,6.0,10.0,82.5,31.0,"revenue_decline_streak,gross_margin_decline,operating_margin_decline,high_debt_to_ebitda,weak_interest_coverage,debt_exceeds_market_cap,debt_over_5x_avg_fcf,negative_operating_margin,negative_net_margin",9,,,False,,,,,,D_TRAP,,MISS,0,"疑似价值陷阱：revenue_decline_streak,gross_margin_decline,operating_margin_decline,high_debt_to_ebitda,weak_interest_coverage,debt_exceeds_market_cap,debt_over_5x_avg_fcf,negative_operating_margin,negative_net_margin",-0.9437764163687383,2026-05-20T03:53:49
0883.HK,CNOOC Limited,Energy,Oil & Gas E&P,HKD,CNY,1.1497000455856323,28.040000915527344,1332739953226.3325,1322531766521.5776,457833552153.1105,ANNUAL_FALLBACK,financials_converted_CNY_to_HKD_fx=1.1497;quarterly_ttm_unavailable_used_annual_fallback,-0.02694423876149865,0.6749008085982623,0.43544272010446494,0.30656923308723827,140357680965.18518,112080808344.00656,,112080808344.00656,108794965613.72282,113448663973.24205,0.07953751936462712,0.08409803283279559,0.7985370488687932,90457249886.63196,80249063181.87714,10208186704.754822,1263013332378.5066,337293250873.6849,2308597691.5359497,904045936245.4414,295779881627.6789,0.2713134603349827,26.64443761524278,922921711593.8663,0.15207972594207414,0.0,1546760453.3290863,0.032542856108166485,0.027119046756805404,0.024105819339382578,0.021695237405444323,-0.998839413158145,ncav_2_3,ncav_2_3=1546760453; conservative_5y_dcf=344853729204; normalized_fcf_multiple=402491015909; asset_plus_fcf_8x=458531420081; tangible_book_0_8x=723236748996; normalized_net_income_pe=1133069634426,COMMODITY_CYCLE_LIMITED_NEEDS_MID_CYCLE_PRICE_COST_RESERVE_REVIEW,energy_cyclical,MOS_Radar_V6.5.5,0.04666999816894531,0.13666999816894532,0.022388419738948926,0,17.0,13.0,14.0,5.0,10.0,97.5,59.0,revenue_decline_streak,1,,,False,,,,,,PASS,,MISS,0,当前价格高于保守内在价值，没有安全边际,-0.998839413158145,2026-05-20T03:53:49
0939.HK,China Construction Bank Corporation,Financial Services,Banks - Diversified,HKD,CNY,1.1497000455856323,8.770000457763672,2294235465146.581,919439096735.875,911493693140.7451,TTM,financials_converted_CNY_to_HKD_fx=1.1497,-0.009396280633871212,0.0,0.68353,0.4161312294244523,379300991139.2927,2432358302643.0605,,2432358302643.0605,1151342583717.4258,1137902398567.8555,0.6752894757037898,,,4697870984970.688,3323074616559.9824,1374796368410.706,54188883529990.44,49854163699618.695,,4299280326466.56,,,,4308279028723.359,0.08804002447624389,0.04635558042105958,3439424261173.248,13.147627086745288,10.956355905621074,9.738983027218731,8.765084724496859,0.4991592246846815,financial_pb_roe_tangible_book_0.80x,financial_pb_roe_tangible_book_0.80x=3439424261173,BANK_LIMITED_PB_ROE_NEEDS_CET1_NIM_NPL_DEPOSIT_COST,financial_pb_roe,MOS_Radar_V6.5.5,0.04666999816894531,0.1266699981689453,-0.03788705686042634,30,0.0,0.0,10.0,0.0,10.0,80.0,50.0,,0,,,False,,,,,,C_THIN,,MISS,0,金融股 PB/ROE 口径有一定折价，但安全边际/ROE/数据质量不足，不进入主候选,0.4991592246846815,2026-05-20T03:53:49
0941.HK,China Mobile Limited,Communication Services,Telecom Services,HKD,CNY,1.1497000455856323,86.55000305175781,1873340768322.6973,1877859089501.8486,1207400041773.4385,ANNUAL_FALLBACK,financials_converted_CNY_to_HKD_fx=1.1497;quarterly_ttm_unavailable_used_annual_fallback,0.03864947562255727,0.5822743949410915,0.1502427662882896,0.13054341750564422,157618127749.56226,87340413063.04932,229940009.11712646,87110473053.93219,136753371322.27422,128649135700.94109,0.2859402605533716,0.04650006796784062,0.5526678580546337,111827874333.97769,116346195513.12924,-4518321179.15155,2446770942414.522,799422082397.1033,-227278453511.5957,1524333254539.8472,423997879811.5253,0.27440277664795687,49.570530945648756,1642317772617.936,0.09597297817602689,0.0015293741624511359,692365463252.3059,31.987897755020928,26.65658146251744,23.69473907779328,21.325265170013953,-0.6304113619049577,asset_plus_fcf_8x,asset_plus_fcf_8x=692365463252; latest_fcf_capped_10x=866586409360; normalized_fcf_multiple=953696882414; conservative_5y_dcf=978788434976; normalized_net_income_pe=1832793177970,GENERAL_OWNER_FCF_MODEL,communication_services,MOS_Radar_V6.5.5,0.04666999816894531,0.11,0.028816614368507954,0,12.5,8.0,7.0,4.0,10.0,93.75,41.5,gross_margin_decline,1,,,False,,,,,,PASS,,MISS,0,当前价格高于保守内在价值，没有安全边际,-0.6304113619049577,2026-05-20T03:53:49
0960.HK,Longfor Group Holdings Limited,Real Estate,Real Estate - Development,HKD,CNY,1.1497000455856323,8.319999694824219,57095381268.95382,,,,financials_converted_CNY_to_HKD_fx=1.1497,,,,,,,,,,,,,,,,,,,,,,,,,,,,,,,,,,,REIT_SKIPPED_NEEDS_AFFO_NOI_CAP_RATE,reit_needs_affo,MOS_Radar_V6.5.5,,,,0,0.0,0.0,0.0,0.0,0.0,0.0,0.0,,0,,,False,,,,,,SKIP,,MISS,0,REIT/地产类公司需要 AFFO/NOI 专门模型，当前模型暂不自动估值,,2026-05-20T03:53:49
0968.HK,Xinyi Solar Holdings Limited,Technology,Solar,HKD,CNY,1.1497000455856323,2.700000047683716,24697018196.665028,34047997745.031578,23984081201.769352,ANNUAL_FALLBACK,financials_converted_CNY_to_HKD_fx=1.1497;quarterly_ttm_unavailable_used_annual_fallback,0.04768586275580056,0.21384348447670515,0.17432756868216942,0.04048311973387487,970950430.9982061,3592579253.345847,19808182.08539486,3572771071.2604523,-1557394412.2840564,-1368031357.9004757,,0.1446640660346156,3.6796637162902224,5732702199.601769,15083681747.968315,-9350979548.366547,65436405974.15495,25270072439.258934,-2007601620.8014488,33726218597.845314,4213805876.5774965,3.5795862908187552,10.705488928531478,34297671257.003426,0.028309514769167966,0.0075559451128677235,4242326485.608341,0.46379209110268804,0.38649340925224007,0.34354969711310224,0.30919472740179205,-0.8282251544771019,normalized_net_income_pe,normalized_net_income_pe=4242326486; asset_plus_fcf_8x=19231189022; latest_fcf_capped_10x=26376731164; conservative_5y_dcf=36631164453; normalized_fcf_multiple=37095044378,SOFTWARE_OWNER_FCF_SBC_ADJUSTED_NEEDS_NRR_RPO_RULE_OF_40_REVIEW,software_tech,MOS_Radar_V6.5.5,0.04666999816894531,0.11666999816894533,-0.039761056578961146,0,15.0,2.0,3.0,4.0,10.0,92.5,34.0,"avg_fcf_not_positive,revenue_decline_streak",2,,,False,,,,,,PASS,,MISS,0,当前价格高于保守内在价值，没有安全边际,-0.8282251544771019,2026-05-20T03:53:49
0981.HK,Semiconductor Manufacturing International Corporation,Technology,Semiconductors,HKD,USD,7.832910060882568,74.69999694824219,598580387573.1842,651246376124.2493,73055977722.92947,ANNUAL_FALLBACK,financials_converted_USD_to_HKD_fx=7.8329;quarterly_ttm_unavailable_used_annual_fallback,0.08642735110243716,0.20978247735369873,0.11159691551195647,0.07345832155276424,5366569502.922535,-40802944436.02753,219626965.19708633,-41022571401.22461,-36929787121.43278,-29784252777.45795,,-0.06853310307666749,-7.6440958006571,45998764332.53288,98664752883.59785,-52665988551.06497,409436454328.69147,135123847384.6221,-12734400528.9402,164901916079.58698,41172736120.00179,2.3963613347441908,2.7896309677281024,167935006845.00217,0.031956228803894836,0.0036102322912483498,6366275981.082916,0.7944810859684539,0.6620675716403783,0.5885045081247806,0.5296540573123026,-0.9893643759246881,normalized_net_income_pe,normalized_net_income_pe=6366275981,SEMICONDUCTOR_CYCLE_LIMITED_NEEDS_INVENTORY_MARGIN_CAPEX_REVIEW,cyclical_semiconductor,MOS_Radar_V6.5.5,0.04666999816894531,0.1266699981689453,0.11329997711172636,0,0.0,4.0,1.0,6.0,10.0,60.0,21.0,"latest_fcf_negative,avg_fcf_not_positive,weak_interest_coverage,weak_cash_conversion,high_accrual_ratio",5,,,False,,,,,,D_TRAP,,MISS,0,"疑似价值陷阱：latest_fcf_negative,avg_fcf_not_positive,weak_interest_coverage,weak_cash_conversion,high_accrual_ratio",-0.9893643759246881,2026-05-20T03:53:49
0992.HK,Lenovo Group Limited,Technology,Computer Hardware,HKD,USD,7.832910060882568,12.789999961853027,158655591999.3798,156516510423.76343,541073677622.46326,ANNUAL_FALLBACK,financials_converted_USD_to_HKD_fx=7.8329;quarterly_ttm_unavailable_used_annual_fallback,-0.01197047487145142,0.16065571957356323,0.03132958875670397,0.02004206380337944,10844233169.238567,-402063273.42510223,2273462980.620861,-2675526254.0459633,2592883830.9636116,6691361330.884695,1.179427153606112,-0.016863737485259406,-0.24672341624260985,40042854509.539604,37903772933.92325,2139081575.616356,390323033673.9993,331663310177.2571,-71480121545.2409,-11077841878.894333,28747759037.196636,1.3184948741527878,2.8101503661766998,53592676641.6378,0.20234542942782127,0.0,22882152223.32525,1.8446417322913466,1.5372014435761223,1.3664012831787753,1.2297611548608978,-0.8557746882100777,asset_plus_fcf_8x,asset_plus_fcf_8x=22882152223; conservative_5y_dcf=28127324841; normalized_fcf_multiple=35846571378; normalized_net_income_pe=153958345945,SOFTWARE_OWNER_FCF_SBC_ADJUSTED_NEEDS_NRR_RPO_RULE_OF_40_REVIEW,software_tech,MOS_Radar_V6.5.5,0.04666999816894531,0.11666999816894533,0.03463735997342225,0,5.0,12.0,4.0,4.0,10.0,67.5,35.0,"latest_fcf_negative,operating_margin_decline,high_fcf_volatility,weak_interest_coverage,debt_over_5x_avg_fcf,weak_cash_conversion",6,,,False,,,,,,D_TRAP,,MISS,0,"疑似价值陷阱：latest_fcf_negative,operating_margin_decline,high_fcf_volatility,weak_interest_coverage,debt_over_5x_avg_fcf,weak_cash_conversion",-0.8557746882100777,2026-05-20T03:53:49
1024.HK,Kuaishou Technology,Communication Services,Internet Content & Information,HKD,CNY,1.1497000455856323,48.099998474121094,208623704286.5187,236470589090.64832,164149573708.53424,ANNUAL_FALLBACK,financials_converted_CNY_to_HKD_fx=1.1497;quarterly_ttm_unavailable_used_annual_fallback,0.14875539388617476,0.5501554883173643,0.13066621841205805,0.13039306325993164,21403965748.667717,13536568336.725235,3023711119.890213,10512857216.835022,15648567320.466042,8702941920.07184,1.466333686141376,0.050391479974859044,0.49116398990170274,14152807561.159134,41999692365.288734,-27846884804.1296,178823195390.34366,97521006966.71008,-16414267550.826065,80077757875.08487,32840032102.108,1.2789175185548243,20.798216276477145,81279194422.72186,0.26333880276111804,,41776650556.44512,9.631967924695466,8.026639937246223,7.134791055329974,6.421311949796977,-0.7997511802442637,asset_plus_fcf_8x,asset_plus_fcf_8x=41776650556; normalized_net_income_pe=64099226642; normalized_fcf_multiple=67885476317; latest_fcf_capped_10x=77281687364; conservative_5y_dcf=92837854205,GENERAL_OWNER_FCF_MODEL,communication_services,MOS_Radar_V6.5.5,0.04666999816894531,0.11,0.06090433910466186,0,13.0,4.0,10.0,7.0,10.0,94.5,44.0,high_fcf_volatility,1,,,False,,,,,,PASS,,MISS,0,当前价格高于保守内在价值，没有安全边际,-0.7997511802442637,2026-05-20T03:53:49
1038.HK,CK Infrastructure Holdings Limited,Utilities,Utilities - Regulated Electric,HKD,HKD,1.0,65.1500015258789,164152656911.3712,177681656911.3712,4418000000.0,ANNUAL_FALLBACK,quarterly_ttm_unavailable_used_annual_fallback,-0.1258916122074316,0.5355364418288818,0.033046627433227706,1.8707559981892259,8265000000.0,1877000000.0,,1877000000.0,2323000000.0,2051750000.0,0.42300398759961894,0.011434478340569439,0.22710223835450696,7350000000.0,20879000000.0,-13529000000.0,166262000000.0,28410000000.0,-20253000000.0,135705000000.0,10086000000.0,2.070097164386278,0.1721698113207547,137795000000.0,0.05998040567509706,0.0,1487000000.0,0.5901704796730036,0.4918087330608364,0.43716331827629895,0.3934469864486691,-0.9909413589278493,normalized_fcf_multiple,normalized_fcf_multiple=1487000000; latest_fcf_capped_10x=1487000000; asset_plus_fcf_8x=1487000000; normalized_net_income_pe=66858500000,GENERAL_OWNER_FCF_MODEL,utility_debt_sensitive,MOS_Radar_V6.5.5,0.04666999816894531,0.1,0.0384212868845557,0,10.0,4.0,5.0,4.0,10.0,75.0,33.0,"revenue_decline,revenue_decline_streak,operating_margin_decline,weak_interest_coverage,debt_over_5x_avg_fcf,weak_cash_conversion",6,,,False,,,,,,D_TRAP,,MISS,0,"疑似价值陷阱：revenue_decline,revenue_decline_streak,operating_margin_decline,weak_interest_coverage,debt_over_5x_avg_fcf,weak_cash_conversion",-0.9909413589278493,2026-05-20T03:53:49
1044.HK,Hengan International Group Company Limited,Consumer Defensive,Household & Personal Products,HKD,CNY,1.1497000455856323,26.0,29916013842.0,30083102049.025047,26522279740.90898,ANNUAL_FALLBACK,financials_converted_CNY_to_HKD_fx=1.1497;quarterly_ttm_unavailable_used_annual_fallback,0.006632505058264293,0.3383726354334926,0.11414222344407088,0.10989038951151008,2914543651.4617205,2520761038.548231,2889196.214556694,2517871842.3336744,2303905765.6499147,2446209026.5172424,0.17494318848266333,0.08416468369187467,0.8638991703112407,17953296271.348595,18120384478.373646,-167088207.02505112,49645886338.7605,24383730734.015465,3293268642.878174,22937627669.37745,5226705413.138986,3.466884594800828,9.076573067403878,25007738481.657387,0.11654567059710227,-0.0011414313150243105,18264157918.174267,15.873374988410026,13.22781249034169,11.75805554697039,10.58224999227335,-0.38948557736884515,asset_plus_fcf_8x,asset_plus_fcf_8x=18264157918; conservative_5y_dcf=24995469069; latest_fcf_capped_10x=25011630216; normalized_fcf_multiple=27479780981; normalized_net_income_pe=35551715779,GENERAL_OWNER_FCF_MODEL,defensive_consumer,MOS_Radar_V6.5.5,0.04666999816894531,0.1,0.007990023713572996,0,17.0,5.0,5.0,6.0,10.0,92.5,43.0,"operating_margin_decline,debt_over_5x_avg_fcf",2,,,False,,,,,,PASS,,MISS,0,当前价格高于保守内在价值，没有安全边际,-0.38948557736884515,2026-05-20T03:53:49
1088.HK,China Shenhua Energy Company Limited,Energy,Thermal Coal,HKD,CNY,1.1497000455856323,44.5,965179826528.0,973179439445.1848,333724581932.18713,ANNUAL_FALLBACK,financials_converted_CNY_to_HKD_fx=1.1497;quarterly_ttm_unavailable_used_annual_fallback,-0.05051267911068125,0.34132586445080626,0.2340812551029899,0.16916950022565116,56456020738.482475,30652152915.358536,,30652152915.358536,50832837815.52314,61420425535.32123,0.360073940569203,0.03175797097378445,0.5429386009571325,136337179905.77222,144336792822.95703,-7999612917.184814,900535902006.2686,261437191565.99045,-68708374124.28854,472976251453.5189,92308266960.02483,1.5636388546376216,28.815521628498725,552893051322.2218,0.10211020124682367,0.09164821300852655,75690269796.62823,3.489730010278291,2.908108341898576,2.584985192798734,2.3264866735188607,-0.9215791008926226,conservative_5y_dcf,conservative_5y_dcf=75690269797; normalized_fcf_multiple=99282922287; asset_plus_fcf_8x=114608998744; tangible_book_0_8x=378381001163; normalized_net_income_pe=443648552991,COMMODITY_CYCLE_LIMITED_NEEDS_MID_CYCLE_PRICE_COST_RESERVE_REVIEW,energy_cyclical,MOS_Radar_V6.5.5,0.04666999816894531,0.13666999816894532,0.0286539023770585,0,12.5,7.0,7.0,0.0,10.0,83.75,36.5,"revenue_decline,revenue_decline_streak,operating_margin_decline",3,,,False,,,,,,D_TRAP,,MISS,0,"疑似价值陷阱：revenue_decline,revenue_decline_streak,operating_margin_decline",-0.9215791008926226,2026-05-20T03:53:49
1093.HK,CSPC Pharmaceutical Group Limited,Healthcare,Drug Manufacturers - General,HKD,CNY,1.1497000455856323,7.320000171661377,83487908636.11555,77223818524.54425,29899076391.499043,ANNUAL_FALLBACK,financials_converted_CNY_to_HKD_fx=1.1497;quarterly_ttm_unavailable_used_annual_fallback,-0.05623154279526521,0.6559454017883579,0.1607822508515349,0.14927751232601116,4463259744.568348,4082755017.481327,-75820418.60628128,4006934598.875046,2752071490.1196957,3427496123.2002974,0.41118707695635226,0.04799419058799742,0.8977596707768047,7001173158.096671,737083046.5253592,6264090111.571312,53688593854.55394,13966322764.665009,11615208015.743256,34684601657.645226,7196503746.741533,0.10242238070939642,108.33786759942998,38144940112.347725,0.11700791065401532,-0.006714535392436716,27738518762.701027,2.432040344783165,2.0267002873193043,1.801511366506048,1.6213602298554433,-0.6677540590506327,conservative_5y_dcf,conservative_5y_dcf=27738518763; asset_plus_fcf_8x=28280662033; normalized_fcf_multiple=36536876503; latest_fcf_capped_10x=46333436100; normalized_net_income_pe=59823207046,GENERAL_OWNER_FCF_MODEL,healthcare,MOS_Radar_V6.5.5,0.04666999816894531,0.11,0.008499480297985045,0,14.5,13.0,10.0,5.0,10.0,81.75,52.5,"revenue_decline,revenue_decline_streak,gross_margin_decline,operating_margin_decline",4,,,False,,,,,,D_TRAP,,MISS,0,"疑似价值陷阱：revenue_decline,revenue_decline_streak,gross_margin_decline,operating_margin_decline",-0.6677540590506327,2026-05-20T03:53:49
1099.HK,Sinopharm Group Co. Ltd.,Healthcare,Medical Distribution,HKD,CNY,1.1497000455856323,17.649999618530273,55079580580.714134,80561866953.78734,661270534406.2914,ANNUAL_FALLBACK,financials_converted_CNY_to_HKD_fx=1.1497;quarterly_ttm_unavailable_used_annual_fallback,0.013708662672339056,0.07245191302642932,0.02969435999987183,0.01244000975388269,8226211897.969484,14395233312.77132,0.0,,,,,,,56100915184.802536,81583201557.87575,-25482286373.07321,448798303231.2627,294554841738.106,104156375462.50256,84854271792.27377,24590675592.520832,3.3176478316313114,7.425457144558938,96521209411.8681,0.08522698739576715,0.0,69784771559.87672,22.362210794363257,18.63517566196938,16.564600588417225,14.908140529575505,0.26698080893360226,ncav_2_3,ncav_2_3=69784771560; normalized_net_income_pe=73232256403,GENERAL_OWNER_FCF_MODEL,healthcare,MOS_Radar_V6.5.5,0.04666999816894531,0.11,,22,0.0,5.0,0.0,5.0,8.46,50.760000000000005,40.46,"revenue_decline_streak,gross_margin_decline,operating_margin_decline,debt_exceeds_market_cap",4,,,False,,,,,,D_TRAP,,MISS,0,"疑似价值陷阱：revenue_decline_streak,gross_margin_decline,operating_margin_decline,debt_exceeds_market_cap",0.26698080893360226,2026-05-20T03:53:49
1109.HK,China Resources Land Limited,Real Estate,Real Estate - Development,HKD,CNY,1.1497000455856323,34.63999938964844,247015742664.17987,,,,financials_converted_CNY_to_HKD_fx=1.1497,,,,,,,,,,,,,,,,,,,,,,,,,,,,,,,,,,,REIT_SKIPPED_NEEDS_AFFO_NOI_CAP_RATE,reit_needs_affo,MOS_Radar_V6.5.5,,,,0,0.0,0.0,0.0,0.0,0.0,0.0,0.0,,0,,,False,,,,,,SKIP,,MISS,0,REIT/地产类公司需要 AFFO/NOI 专门模型，当前模型暂不自动估值,,2026-05-20T03:53:49
1113.HK,CK Asset Holdings Limited,Real Estate,Real Estate - Development,HKD,HKD,1.0,50.650001525878906,177263777906.68793,,,,,,,,,,,,,,,,,,,,,,,,,,,,,,,,,,,,,,,REIT_SKIPPED_NEEDS_AFFO_NOI_CAP_RATE,reit_needs_affo,MOS_Radar_V6.5.5,,,,0,0.0,0.0,0.0,0.0,0.0,0.0,0.0,,0,,,False,,,,,,SKIP,,MISS,0,REIT/地产类公司需要 AFFO/NOI 专门模型，当前模型暂不自动估值,,2026-05-20T03:53:49
1177.HK,Sino Biopharmaceutical Limited,Healthcare,Biotechnology,HKD,CNY,1.1497000455856323,5.170000076293945,92234054243.39247,96705561936.08784,36600112304.795265,ANNUAL_FALLBACK,financials_converted_CNY_to_HKD_fx=1.1497;quarterly_ttm_unavailable_used_annual_fallback,0.06945513258749747,0.8207057704210603,0.2167439601981348,0.07361035616467272,2694147302.4230003,8724949478.34444,133326115.48638344,8591623362.858057,6508860868.043144,6183629216.156035,0.2318850255160336,0.0931502299593813,3.1889954031582164,14004184686.566235,18475692379.261612,-4471507692.695377,87388494668.65575,39002302478.24216,622194670.6700363,27154535436.677933,9695757346.536995,1.905544014657145,24.79190051524537,35262401810.75501,0.07640283032567813,-0.0017891186304944684,17081670726.68863,0.9574797474169888,0.7978997895141574,0.7092442573459176,0.6383198316113259,-0.8148008252828988,normalized_net_income_pe,normalized_net_income_pe=17081670727; normalized_fcf_multiple=44997526037; asset_plus_fcf_8x=44997526037; conservative_5y_dcf=45149177589; latest_fcf_capped_10x=64261479210,GENERAL_OWNER_FCF_MODEL,biotech_special_case,MOS_Radar_V6.5.5,0.04666999816894531,0.14666999816894533,-0.06748572661419634,0,19.0,7.0,7.0,9.0,10.0,97.5,52.0,operating_margin_decline,1,,,False,,,,,,PASS,,MISS,0,当前价格高于保守内在价值，没有安全边际,-0.8148008252828988,2026-05-20T03:53:49
1209.HK,China Resources Mixc Lifestyle Services Limited,Real Estate,Real Estate Services,HKD,CNY,1.1497000455856323,45.02000045776367,102758151044.84558,,,,financials_converted_CNY_to_HKD_fx=1.1497,,,,,,,,,,,,,,,,,,,,,,,,,,,,,,,,,,,REIT_SKIPPED_NEEDS_AFFO_NOI_CAP_RATE,reit_needs_affo,MOS_Radar_V6.5.5,,,,0,0.0,0.0,0.0,0.0,0.0,0.0,0.0,,0,,,False,,,,,,SKIP,,MISS,0,REIT/地产类公司需要 AFFO/NOI 专门模型，当前模型暂不自动估值,,2026-05-20T03:53:49
1211.HK,BYD Company Limited,Consumer Cyclical,Auto Manufacturers,HKD,CNY,1.1497000455856323,91.1500015258789,831032571961.4895,909860374797.3136,872858798006.6707,ANNUAL_FALLBACK,financials_converted_CNY_to_HKD_fx=1.1497;quarterly_ttm_unavailable_used_annual_fallback,0.23766483986732156,0.17987939326175267,0.04677224132547776,0.038040986769548306,33204409986.655594,-112293858109.75397,,-112293858109.75397,-5344835943.122853,8460098539.918098,8.25977585332947,-0.1351257001211232,-3.3818959034322056,87131751702.37589,165959554538.2,-78827802835.82413,1037117927782.2489,735758065510.2236,-280747107448.02905,225127989013.42975,43120564831.93135,3.848733317502946,12.883061901895756,287329274723.9121,0.11556222392779478,0.0,5773182563.356873,0.633218982280206,0.527682485233505,0.46905109798533773,0.422145988186804,-0.9930530008592438,normalized_fcf_multiple,normalized_fcf_multiple=5773182563; conservative_5y_dcf=20121962250; tangible_book_0_8x=180102391211; normalized_net_income_pe=286420707017,GENERAL_OWNER_FCF_MODEL,consumer_cyclical,MOS_Radar_V6.5.5,0.04666999816894531,0.1266699981689453,0.14029095843279846,0,5.0,5.0,2.0,8.0,10.0,67.5,30.0,"latest_fcf_negative,high_fcf_volatility,debt_over_5x_avg_fcf,weak_cash_conversion,high_accrual_ratio",5,,,False,,,,,,D_TRAP,,MISS,0,"疑似价值陷阱：latest_fcf_negative,high_fcf_volatility,debt_over_5x_avg_fcf,weak_cash_conversion,high_accrual_ratio",-0.9930530008592438,2026-05-20T03:53:49
1299.HK,AIA Group Limited,Financial Services,Insurance - Life,HKD,USD,7.832910060882568,84.5,877743300122.0,923949636571.1462,310214570051.19324,ANNUAL_FALLBACK,financials_converted_USD_to_HKD_fx=7.8329;quarterly_ttm_unavailable_used_annual_fallback,,0.43895,0.31429002,0.1574083425916574,48830361319.54193,52590158148.765564,,52590158148.765564,53088853422.641754,58382595138.78822,0.3918267693215559,,,68710287054.06189,114916623503.20816,-46206336449.14627,2705667291960.2393,2364089750025.2725,,309909086558.81885,9973000192.0,,,338734195582.8667,0.14415539368713146,-0.026867012915949506,371890903870.5826,35.80179008224433,29.834825068536944,26.51984450536617,23.867860054829553,-0.5763101765414872,financial_pb_roe_tangible_book_1.20x,financial_pb_roe_tangible_book_1.20x=371890903871,INSURANCE_LIMITED_PB_ROE_NEEDS_COMBINED_RATIO_FLOAT_RESERVES,financial_pb_roe,MOS_Radar_V6.5.5,0.04666999816894531,0.1266699981689453,-0.0013896005766842394,0,0.0,0.0,21.0,0.0,10.0,80.0,31.0,,0,,,False,,,,,,PASS,,MISS,0,金融股当前价格高于保守 PB/ROE 价值，没有安全边际,-0.5763101765414872,2026-05-20T03:53:49
1378.HK,China Hongqiao Group Limited,Basic Materials,Aluminum,HKD,CNY,1.1497000455856323,31.399999618530273,308329088461.597,332864161110.8131,186658085033.49722,ANNUAL_FALLBACK,financials_converted_CNY_to_HKD_fx=1.1497;quarterly_ttm_unavailable_used_annual_fallback,0.07224194076868717,0.2556470385881198,0.2290781748309132,0.13942461129241107,26024730950.38116,32010585603.020428,,32010585603.020428,24575693084.760105,17667446923.864662,0.7377553816407996,0.10381954476866496,1.2300063990690977,58850129670.308945,83385202319.52512,-24535072649.21617,282112265880.9576,119187706768.59521,12530026641.415833,140860954112.23996,50086931970.84796,1.664809542897491,10.677241888938779,152442218383.83734,0.17071865803509212,0.04820397464643289,8395117849.748609,0.8549524100852254,0.7124603417376878,0.6332980815446113,0.5699682733901502,-0.9727722159085413,ncav_2_3,ncav_2_3=8395117850; normalized_fcf_multiple=103507269763; asset_plus_fcf_8x=103507269763; conservative_5y_dcf=109084368925; tangible_book_0_8x=112688763290; normalized_net_income_pe=144051079428,COMMODITY_CYCLE_LIMITED_NEEDS_MID_CYCLE_PRICE_COST_RESERVE_REVIEW,materials_cyclical,MOS_Radar_V6.5.5,0.04666999816894531,0.13666999816894532,-0.021217987930964716,0,20.0,7.0,9.0,7.0,10.0,100.0,53.0,,0,,,False,,,,,,PASS,,MISS,0,当前价格高于保守内在价值，没有安全边际,-0.9727722159085413,2026-05-20T03:53:49
1398.HK,Industrial and Commercial Bank of China Limited,Financial Services,Banks - Diversified,HKD,CNY,1.1497000455856323,6.849999904632568,2441382827070.1006,-655271012212.293,978045229979.5151,TTM,financials_converted_CNY_to_HKD_fx=1.1497,-0.014691365836743131,0.0,0.65656,0.4157748478892577,406646606723.547,2889649196374.655,,2889649196374.655,1455676616917.61,1491549557739.973,0.3647937363786062,,,5906755289502.979,2810101450220.585,3096653839282.3936,64121742367228.51,59113926046368.48,,,,,,4975201629966.855,0.08173469880581626,0.0,3980161303973.4844,11.167484365964928,9.306236971637441,8.272210641455501,7.4449895773099515,0.6302897111593387,financial_pb_roe_book_0.80x,financial_pb_roe_book_0.80x=3980161303973,BANK_LIMITED_PB_ROE_NEEDS_CET1_NIM_NPL_DEPOSIT_COST,financial_pb_roe,MOS_Radar_V6.5.5,0.04666999816894531,0.1266699981689453,-0.03872325513911997,36,0.0,0.0,10.0,0.0,10.0,80.0,56.0,,0,,,False,,,,,,C_THIN,,MISS,0,金融股 PB/ROE 口径有一定折价，但安全边际/ROE/数据质量不足，不进入主候选,0.6302897111593387,2026-05-20T03:53:49
1810.HK,Xiaomi Corporation,Technology,Consumer Electronics,HKD,CNY,1.1497000455856323,30.059999465942383,776010369553.9386,774495184462.6615,525742524889.6028,ANNUAL_FALLBACK,financials_converted_CNY_to_HKD_fx=1.1497;quarterly_ttm_unavailable_used_annual_fallback,0.17757186365200317,0.2226302446456308,0.06897909538311138,0.09106626145886465,47877406231.64022,24572794307.711838,6168226972.070336,18404567335.641502,29100126452.587326,18178632019.208164,1.1037952095411945,0.023716909023033673,0.384410284187005,41398433732.448814,39883248641.17169,1515185091.2771225,553600988322.8915,262887035754.5768,17202845662.39322,271458573857.6385,71325490373.95728,0.5591724421671003,8.678272831444383,290269031297.37354,0.1649414889960858,,146944241244.94244,5.692119572945028,4.743432977454191,4.216384868848169,3.794746381963352,-0.8106413947414027,asset_plus_fcf_8x,asset_plus_fcf_8x=146944241245; latest_fcf_capped_10x=185560858448; normalized_fcf_multiple=237837401341; conservative_5y_dcf=314640390135; normalized_net_income_pe=344559825389,SOFTWARE_OWNER_FCF_SBC_ADJUSTED_NEEDS_NRR_RPO_RULE_OF_40_REVIEW,software_tech,MOS_Radar_V6.5.5,0.04666999816894531,0.11666999816894533,0.053238414521775544,0,10.0,13.0,4.0,6.0,10.0,90.0,43.0,high_fcf_volatility,1,,,False,,,,,,PASS,,MISS,0,当前价格高于保守内在价值，没有安全边际,-0.8106413947414027,2026-05-20T03:53:49
1876.HK,Budweiser Brewing Company APAC Limited,Consumer Defensive,Beverages - Brewers,HKD,USD,7.832910060882568,7.199999809265137,95254334305.42181,75272580740.11038,45148893590.927124,ANNUAL_FALLBACK,financials_converted_USD_to_HKD_fx=7.8329;quarterly_ttm_unavailable_used_annual_fallback,-0.03817880560456344,0.5008674531575295,0.16394864677307425,0.08483691880638446,3830293019.771576,5044394079.208374,454308783.53118896,4590085295.677185,6587477361.20224,6959540589.094162,0.30061236302419814,0.048187679113473374,1.1983640081799591,22151469652.175903,2169716086.8644714,19981753565.31143,115715580329.41818,34817285220.62302,-4934733338.356018,19229794199.466705,12368164986.133575,0.17542748575047498,42.95454545454545,80381323044.77692,0.04765152991619567,0.0027786131350764354,56702435930.72891,4.285973240620076,3.571644367183397,3.174794993051908,2.8573154937467176,-0.40472592303338945,asset_plus_fcf_8x,asset_plus_fcf_8x=56702435931; conservative_5y_dcf=61408180410; latest_fcf_capped_10x=65882606522; normalized_net_income_pe=69775562822; normalized_fcf_multiple=75062777113,GENERAL_OWNER_FCF_MODEL,defensive_consumer,MOS_Radar_V6.5.5,0.04666999816894531,0.1,-0.006566032627089962,0,16.5,15.0,6.0,2.0,10.0,87.5,49.5,"revenue_decline,revenue_decline_streak,operating_margin_decline",3,,,False,,,,,,D_TRAP,,MISS,0,"疑似价值陷阱：revenue_decline,revenue_decline_streak,operating_margin_decline",-0.40472592303338945,2026-05-20T03:53:49
1928.HK,Sands China Ltd.,Consumer Cyclical,Resorts & Casinos,HKD,USD,7.832910060882568,15.229999542236328,123262167085.32486,167063800145.78018,58300349583.14896,ANNUAL_FALLBACK,financials_converted_USD_to_HKD_fx=7.8329;quarterly_ttm_unavailable_used_annual_fallback,0.6675965734870117,0.5821577320972726,0.17331721080209592,0.12038156657261857,7018287414.550781,12235005515.098572,70496190.54794312,12164509324.550629,12603152287.960052,8079646727.800369,1.015273741074206,0.09868810205267671,1.7332589285714286,11788529641.628265,55590162702.08359,-43801633060.45532,82801692253.58963,71827785258.29315,-56365620798.11096,7488262018.203735,15798979592.80014,3.5185919682697073,3.9814814814814814,10973906995.296478,0.6395431834403997,0.0,5990609614.562988,0.7401864160343259,0.6168220133619383,0.5482862340995006,0.4934576106895506,-0.9513994459434081,tangible_book_0_8x,tangible_book_0_8x=5990609615; asset_plus_fcf_8x=20835540762; normalized_fcf_multiple=36994834218; conservative_5y_dcf=50698347279; latest_fcf_capped_10x=77843460185,GENERAL_OWNER_FCF_MODEL,consumer_cyclical,MOS_Radar_V6.5.5,0.04666999816894531,0.1266699981689453,-0.06215116829060638,0,19.0,2.0,12.0,10.0,10.0,87.5,53.0,"gross_margin_decline,high_fcf_volatility,debt_over_5x_avg_fcf",3,,,False,,,,,,D_TRAP,,MISS,0,"疑似价值陷阱：gross_margin_decline,high_fcf_volatility,debt_over_5x_avg_fcf",-0.9513994459434081,2026-05-20T03:53:49
1929.HK,Chow Tai Fook Jewellery Group Limited,Consumer Cyclical,Luxury Goods,HKD,HKD,1.0,10.920000076293945,107725195784.63554,131362995784.63556,89656000000.0,ANNUAL_FALLBACK,quarterly_ttm_unavailable_used_annual_fallback,-0.032303471805238515,0.2950700455072722,0.157444008209155,0.06597996787721959,5915500000.0,9676600000.0,12800000.0,9663800000.0,10204833333.333334,10204833333.333334,0.1949483061808049,0.08970788987304225,1.633640436142338,10320000000.0,33957800000.0,-23637800000.0,87150100000.0,60042000000.0,17938600000.0,26165500000.0,10613000000.0,3.1996419485536607,23.812078272604587,26171600000.0,0.2260274496018585,-0.01229429674198057,12018862000.0,1.218340546991009,1.0152837891591742,0.9024744792525992,0.8122270313273393,-0.8884303536191466,ncav_2_3,ncav_2_3=12018862000; tangible_book_0_8x=20932400000; normalized_net_income_pe=41432700000; conservative_5y_dcf=48344887768; asset_plus_fcf_8x=53672600000; normalized_fcf_multiple=73000200000; latest_fcf_capped_10x=73000200000,GENERAL_OWNER_FCF_MODEL,consumer_cyclical,MOS_Radar_V6.5.5,0.04666999816894531,0.1266699981689453,-0.04300970394755715,0,19.0,2.0,8.0,4.0,10.0,97.5,43.0,revenue_decline,1,,,False,,,,,,PASS,,MISS,0,当前价格高于保守内在价值，没有安全边际,-0.8884303536191466,2026-05-20T03:53:49
1997.HK,Wharf Real Estate Investment Company Limited,Real Estate,Real Estate Services,HKD,HKD,1.0,24.739999771118164,75116263375.04271,,,,,,,,,,,,,,,,,,,,,,,,,,,,,,,,,,,,,,,REIT_SKIPPED_NEEDS_AFFO_NOI_CAP_RATE,reit_needs_affo,MOS_Radar_V6.5.5,,,,0,0.0,0.0,0.0,0.0,0.0,0.0,0.0,,0,,,False,,,,,,SKIP,,MISS,0,REIT/地产类公司需要 AFFO/NOI 专门模型，当前模型暂不自动估值,,2026-05-20T03:53:49
2007.HK,Country Garden Holdings Company Limited,Real Estate,Real Estate - Development,HKD,CNY,1.1497000455856323,0.2549999952316284,11788653075.943121,,,,financials_converted_CNY_to_HKD_fx=1.1497,,,,,,,,,,,,,,,,,,,,,,,,,,,,,,,,,,,REIT_SKIPPED_NEEDS_AFFO_NOI_CAP_RATE,reit_needs_affo,MOS_Radar_V6.5.5,,,,0,0.0,0.0,0.0,0.0,0.0,0.0,0.0,,0,,,False,,,,,,SKIP,,MISS,0,REIT/地产类公司需要 AFFO/NOI 专门模型，当前模型暂不自动估值,,2026-05-20T03:53:49
2015.HK,Li Auto Inc.,Consumer Cyclical,Auto Manufacturers,HKD,CNY,1.1497000455856323,61.650001525878906,125759082160.32167,81062195787.48914,129125699016.53683,ANNUAL_FALLBACK,financials_converted_CNY_to_HKD_fx=1.1497;quarterly_ttm_unavailable_used_annual_fallback,0.35358474062544465,0.18684523935182962,-0.00463988379709541,0.010011689614881818,1292766419.8582172,-14735606610.067131,1446039831.1355114,-16181646441.202642,12763666002.046305,9630005138.654917,2.4586447976827577,-0.1286717918358673,-12.517068971343909,65178524804.829956,20481638431.997417,44696886372.832535,177393908988.27243,93305143127.051,39239169430.13394,80378726353.01828,1684555452.892661,12.158482759844473,-3.100447411320934,83490360783.89465,0.01548402004399522,0.0005420867777596872,26290243518.189743,12.888083509912125,10.740069591593437,9.546728525860832,8.59205567327475,-0.7909475557027833,ncav_2_3,ncav_2_3=26290243518; normalized_net_income_pe=58917316991; tangible_book_0_8x=64302981082; asset_plus_fcf_8x=121736927482; normalized_fcf_multiple=140996937759; conservative_5y_dcf=157329941621,GENERAL_OWNER_FCF_MODEL,consumer_cyclical,MOS_Radar_V6.5.5,0.04666999816894531,0.1266699981689453,0.0985062731901133,0,5.0,10.0,0.0,7.0,10.0,67.5,32.0,"latest_fcf_negative,gross_margin_decline,operating_margin_decline,high_fcf_volatility,high_debt_to_ebitda,weak_interest_coverage,negative_operating_margin,weak_cash_conversion",8,,,False,,,,,,D_TRAP,,MISS,0,"疑似价值陷阱：latest_fcf_negative,gross_margin_decline,operating_margin_decline,high_fcf_volatility,high_debt_to_ebitda,weak_interest_coverage,negative_operating_margin,weak_cash_conversion",-0.7909475557027833,2026-05-20T03:53:49
2020.HK,ANTA Sports Products Limited,Consumer Cyclical,Leisure,HKD,CNY,1.1497000455856323,77.0,213328468199.0,235843044191.70343,92227787956.83383,ANNUAL_FALLBACK,financials_converted_CNY_to_HKD_fx=1.1497;quarterly_ttm_unavailable_used_annual_fallback,0.1434920271154041,0.6199778107430909,0.23525598673630937,0.16938630499008964,15622124219.417572,21016516833.30536,372502814.7697449,20644014018.535614,18773452044.36779,17000614574.074745,0.22707723100955188,0.09677102260575077,1.3214601118634088,14004496255.278587,36519072247.982025,-22514575992.703438,142901967166.06616,59657935365.43846,8928570554.01802,70719199504.01782,32897517104.387283,1.1100859719018663,22.65546218487395,75629568398.71407,0.2065610653370223,-0.009515265962017017,5982142271.192074,2.159228717904181,1.799357264920151,1.599428679929023,1.4394858119361207,-0.971958068598647,ncav_2_3,ncav_2_3=5982142271; tangible_book_0_8x=56575359603; asset_plus_fcf_8x=113490340600; normalized_net_income_pe=126115771650; normalized_fcf_multiple=147491569748; conservative_5y_dcf=176325521494; latest_fcf_capped_10x=183925564193,GENERAL_OWNER_FCF_MODEL,consumer_cyclical,MOS_Radar_V6.5.5,0.04666999816894531,0.1266699981689453,-0.035142202019389356,0,19.0,4.0,12.0,10.0,10.0,97.5,55.0,gross_margin_decline,1,,,False,,,,,,PASS,,MISS,0,当前价格高于保守内在价值，没有安全边际,-0.971958068598647,2026-05-20T03:53:49
2269.HK,WuXi Biologics (Cayman) Inc.,Healthcare,Biotechnology,HKD,CNY,1.1497000455856323,33.0,136408107429.0,129383762066.48454,25051984687.91175,ANNUAL_FALLBACK,financials_converted_CNY_to_HKD_fx=1.1497;quarterly_ttm_unavailable_used_annual_fallback,0.1258630207700473,0.45977529711081466,0.3238591634022514,0.2252564912979879,5643122170.849919,2995202007.859826,1098026777.036786,1897175230.82304,339293345.71965533,-194229176.00119114,,0.013908082639519898,0.336192478805984,10593090184.21626,3568744821.7008114,7024345362.51545,73232142582.25607,12252806367.624044,20094405660.24363,52025726343.321205,10173019679.760456,0.35080486758527973,49.32857771968209,54321804951.060776,0.10388318606007076,0.006732082007175899,9738692128.272692,2.3559951552020064,1.9633292960016722,1.7451815964459305,1.5706634368013377,-0.928606207418121,normalized_fcf_multiple,normalized_fcf_multiple=9738692128; asset_plus_fcf_8x=9738692128; conservative_5y_dcf=9747013190; latest_fcf_capped_10x=22201747209; normalized_net_income_pe=44008905866,GENERAL_OWNER_FCF_MODEL,biotech_special_case,MOS_Radar_V6.5.5,0.04666999816894531,0.14666999816894533,0.051151677500345466,0,5.0,13.0,11.0,7.0,10.0,82.5,46.0,avg_fcf_not_positive,1,,,False,,,,,,PASS,,MISS,0,当前价格高于保守内在价值，没有安全边际,-0.928606207418121,2026-05-20T03:53:49
2313.HK,Shenzhou International Group Holdings Limited,Consumer Cyclical,Textile Manufacturing,HKD,CNY,1.1497000455856323,45.34000015258789,68138584333.29457,67516156273.51529,35633495093.268875,ANNUAL_FALLBACK,financials_converted_CNY_to_HKD_fx=1.1497;quarterly_ttm_unavailable_used_annual_fallback,0.037145895001117646,0.2634519779676742,0.1983478788549891,0.18794967963199782,6697303986.948252,3231138852.414727,,3231138852.414727,3963845757.333239,3857617592.8796234,0.1478803023992003,0.04742010542235312,0.48245366474503637,17717859546.313522,17095431486.534237,622428059.7792854,65467363947.28243,22362904113.589645,26112731291.27037,42643783073.32694,9761601817.847729,1.751293671421592,18.33182544699834,43104459833.69279,0.1553738061627042,0.0,17495529965.15115,11.641676137699774,9.701396781416479,8.623463805703535,7.7611174251331825,-0.7432360807560496,ncav_2_3,ncav_2_3=17495529965; asset_plus_fcf_8x=26471538879; conservative_5y_dcf=32534105284; normalized_fcf_multiple=32933816584; latest_fcf_capped_10x=32933816584; tangible_book_0_8x=34115026459; normalized_net_income_pe=67605326320,GENERAL_OWNER_FCF_MODEL,consumer_cyclical,MOS_Radar_V6.5.5,0.04666999816894531,0.1266699981689453,0.0529449320324651,0,11.5,12.0,9.0,6.0,10.0,97.25,48.5,,0,,,False,,,,,,PASS,,MISS,0,当前价格高于保守内在价值，没有安全边际,-0.7432360807560496,2026-05-20T03:53:49
2318.HK,"Ping An Insurance (Group) Company of China, Ltd.",Financial Services,Insurance - Life,HKD,CNY,1.1497000455856323,60.70000076293945,1099133882911.5344,1506134597249.1218,1048723040281.8918,ANNUAL_FALLBACK,financials_converted_CNY_to_HKD_fx=1.1497;quarterly_ttm_unavailable_used_annual_fallback,0.06698485589880865,0.36084998,0.48956,0.145569197003632,152661770853.0426,747623496543.2883,,747623496543.2883,528350787682.4538,530750690719.2767,0.2537378839762664,,,1130731144533.515,1537731858871.1023,-407000714337.5874,16291188711845.994,14642185433462.977,,1101447134672.4033,225322254336.0,,,1170751053420.3052,0.13039644116231797,-0.005633788592738109,1321736561606.884,72.99330094839794,60.82775079033162,54.069111813628105,48.6622006322653,0.2025255359298809,financial_pb_roe_tangible_book_1.20x,financial_pb_roe_tangible_book_1.20x=1321736561607,INSURANCE_LIMITED_PB_ROE_NEEDS_COMBINED_RATIO_FLOAT_RESERVES,financial_pb_roe,MOS_Radar_V6.5.5,0.04666999816894531,0.1266699981689453,-0.036520461226848634,22,0.0,0.0,21.0,0.0,10.0,80.0,53.0,,0,,,False,,,,,,C_THIN,,MISS,0,金融股 PB/ROE 口径有一定折价，但安全边际/ROE/数据质量不足，不进入主候选,0.2025255359298809,2026-05-20T03:53:49
2319.HK,China Mengniu Dairy Company Limited,Consumer Defensive,Packaged Foods,HKD,CNY,1.1497000455856323,17.450000762939453,67532299527.66051,81482982922.60541,94557015865.98778,ANNUAL_FALLBACK,financials_converted_CNY_to_HKD_fx=1.1497;quarterly_ttm_unavailable_used_annual_fallback,-0.03873488624440857,0.3989113665151258,0.0837473486516083,0.018789604866166605,1776688965.445757,7240631533.8912,51385843.53744984,7189245690.35375,5519529032.716115,4878480814.231873,0.3171495489581094,0.10645640294551369,4.046428964312291,15238747541.616678,29189430936.561584,-13950683394.944906,111036118451.48456,56791449175.88222,-16818869990.868568,26063228656.407597,8282413834.997892,3.5242661762709435,7.0953199169303796,46584536338.7779,0.03813902863656508,-0.010919952195143079,9146273155.84993,2.3633501992963004,1.9694584994135838,1.7506297772565187,1.5755667995308669,-0.8645644644144879,normalized_net_income_pe,normalized_net_income_pe=9146273156; asset_plus_fcf_8x=25077163119; conservative_5y_dcf=29973155561; normalized_fcf_multiple=44591086376; latest_fcf_capped_10x=57941773509,GENERAL_OWNER_FCF_MODEL,defensive_consumer,MOS_Radar_V6.5.5,0.04666999816894531,0.1,-0.04874591079363894,0,20.0,5.0,2.0,5.0,10.0,87.5,42.0,"revenue_decline,revenue_decline_streak,debt_over_5x_avg_fcf",3,,,False,,,,,,D_TRAP,,MISS,0,"疑似价值陷阱：revenue_decline,revenue_decline_streak,debt_over_5x_avg_fcf",-0.8645644644144879,2026-05-20T03:53:49
2331.HK,Li Ning Company Limited,Consumer Cyclical,Leisure,HKD,CNY,1.1497000455856323,18.399999618530273,46927718158.29216,30071509359.04311,34029301374.162556,ANNUAL_FALLBACK,financials_converted_CNY_to_HKD_fx=1.1497;quarterly_ttm_unavailable_used_annual_fallback,0.04680055752096335,0.4895139155583895,0.1335017004456691,0.09918581118713207,3375223860.927701,4098980734.224677,276687962.67068386,3822292771.553993,3717747480.5421033,3318287265.5701637,0.24247179073108313,0.08145064199927632,1.132456076706987,19219019446.734547,2362810647.4854946,16856208799.249052,43359864549.11959,11596527689.40258,14788653770.170448,31413946464.963673,6546567963.671565,0.3609235649270401,30.667445361976903,31763336859.71701,0.106261627228726,-0.009550092956028933,9908398026.0142,3.8850071355257727,3.2375059462714773,2.877783063352424,2.590004757017182,-0.78885830347446,ncav_2_3,ncav_2_3=9908398026; tangible_book_0_8x=25131157172; asset_plus_fcf_8x=43402506924; normalized_fcf_multiple=50039081455; conservative_5y_dcf=50912670101; normalized_net_income_pe=53983671269; latest_fcf_capped_10x=55079136515,GENERAL_OWNER_FCF_MODEL,consumer_cyclical,MOS_Radar_V6.5.5,0.04666999816894531,0.1266699981689453,-0.010310662066756153,0,19.0,15.0,6.0,7.0,10.0,100.0,57.0,,0,,,False,,,,,,PASS,,MISS,0,当前价格高于保守内在价值，没有安全边际,-0.78885830347446,2026-05-20T03:53:49
2382.HK,Sunny Optical Technology (Group) Company Limited,Technology,Electronic Components,HKD,CNY,1.1497000455856323,62.95000076293945,67619304479.530334,66195918338.09305,49700528132.82704,ANNUAL_FALLBACK,financials_converted_CNY_to_HKD_fx=1.1497;quarterly_ttm_unavailable_used_annual_fallback,0.09200882209807149,0.1969942209796238,0.08676812017897378,0.10731438336273558,5333581529.376626,3619877731.2282324,266049788.14888,3353827943.0793524,1423191075.6628911,2222883529.1873813,0.8395528576106047,0.04959867553938862,0.628813476386727,8602227046.378494,7178840904.941201,1423386141.437293,68079201924.04187,33859154965.016247,14845867443.238972,33438610784.14166,9466794582.458614,0.7583180180378214,8.599257204429263,33512132952.356815,0.15915374700139848,0.0032750678326463056,12808914746.740421,11.924423051760684,9.937019209800571,8.832905964267173,7.9496153678404555,-0.8105731071129558,asset_plus_fcf_8x,asset_plus_fcf_8x=12808914747; normalized_fcf_multiple=19924870125; conservative_5y_dcf=23355473287; latest_fcf_capped_10x=34961665572; normalized_net_income_pe=45065045046,SOFTWARE_OWNER_FCF_SBC_ADJUSTED_NEEDS_NRR_RPO_RULE_OF_40_REVIEW,software_tech,MOS_Radar_V6.5.5,0.04666999816894531,0.11666999816894533,0.029080152680199565,0,12.5,13.0,6.0,8.0,10.0,93.75,49.5,high_fcf_volatility,1,,,False,,,,,,PASS,,MISS,0,当前价格高于保守内在价值，没有安全边际,-0.8105731071129558,2026-05-20T03:53:49
2388.HK,BOC Hong Kong (Holdings) Limited,Financial Services,Banks - Regional,HKD,HKD,1.0,47.119998931884766,498189394840.97235,-91326605159.02759,88921000000.0,ANNUAL_FALLBACK,quarterly_ttm_unavailable_used_annual_fallback,0.18823214067211969,0.0,0.69141,0.4511982546305147,40121000000.0,-88588000000.0,,-88588000000.0,35637666666.666664,19959750000.0,5.333703882469154,,,678118000000.0,88602000000.0,589516000000.0,4489809000000.0,4126334000000.0,,355971000000.0,,,,358528000000.0,0.11190478846840414,0.0,355971000000.0,33.66862746071942,28.057189550599517,24.939724044977346,22.445751640479614,-0.2854705385416124,financial_pb_roe_tangible_book_1.00x,financial_pb_roe_tangible_book_1.00x=355971000000,BANK_LIMITED_PB_ROE_NEEDS_CET1_NIM_NPL_DEPOSIT_COST,financial_pb_roe,MOS_Radar_V6.5.5,0.04666999816894531,0.1266699981689453,0.028666921020471026,0,0.0,0.0,16.0,0.0,10.0,80.0,26.0,,0,,,False,,,,,,PASS,,MISS,0,金融股当前价格高于保守 PB/ROE 价值，没有安全边际,-0.2854705385416124,2026-05-20T03:53:49
2628.HK,China Life Insurance Company Limited,Financial Services,Insurance - Life,HKD,CNY,1.1497000455856323,28.940000534057617,817980577794.981,702124154501.2712,461253909788.7278,ANNUAL_FALLBACK,financials_converted_CNY_to_HKD_fx=1.1497;quarterly_ttm_unavailable_used_annual_fallback,-0.09717947620839851,0.56923,0.38050997,0.11642717381821807,53702489129.304886,525262310126.66223,,525262310126.66223,464432830414.772,448604909887.1946,0.10321474029171483,,,158299899876.59454,42443476582.88479,115856423293.70975,8870020929496.527,8166419447698.712,,678633445907.8312,180360249344.0,,,687819549272.0604,0.07807642162270584,0.0,542906756726.26495,19.20793996350802,16.006616636256684,14.228103676672607,12.805293309005348,-0.33628404944556106,financial_pb_roe_tangible_book_0.80x,financial_pb_roe_tangible_book_0.80x=542906756726,INSURANCE_LIMITED_PB_ROE_NEEDS_COMBINED_RATIO_FLOAT_RESERVES,financial_pb_roe,MOS_Radar_V6.5.5,0.04666999816894531,0.1266699981689453,-0.05316332675486975,0,0.0,0.0,10.0,0.0,10.0,80.0,20.0,,0,,,False,,,,,,PASS,,MISS,0,金融股当前价格高于保守 PB/ROE 价值，没有安全边际,-0.33628404944556106,2026-05-20T03:53:49
2688.HK,ENN Energy Holdings Limited,Utilities,Utilities - Regulated Gas,HKD,CNY,1.1497000455856323,58.400001525878906,64932314074.15558,78353912406.32225,128657183601.2602,ANNUAL_FALLBACK,financials_converted_CNY_to_HKD_fx=1.1497;quarterly_ttm_unavailable_used_annual_fallback,0.005584335381461081,0.11877932174612393,0.0749832447165006,0.05275903668290067,6787829069.137573,3841147852.3015976,10347300.41027069,3007615319.252014,3324932531.8336487,3324932531.8336487,,0.046319238150317334,0.44308943089430897,9271181167.60254,22692779499.76921,-13421598332.166672,121888899432.89757,59718869467.8545,-33697708336.114883,44952122082.35264,14646028880.71537,1.5494151817254103,13.131455399061032,54984404680.132866,0.12345007841087298,0.0005534260644537436,10639324221.849442,9.568988255689362,7.974156879741136,7.0881394486587865,6.379325503792908,-0.8361474656563316,normalized_fcf_multiple,normalized_fcf_multiple=10639324222; latest_fcf_capped_10x=10639324222; asset_plus_fcf_8x=10639324222; conservative_5y_dcf=11601358147; normalized_net_income_pe=54456692359,GENERAL_OWNER_FCF_MODEL,utility_debt_sensitive,MOS_Radar_V6.5.5,0.04666999816894531,0.1,0.031013601463902356,0,11.5,4.0,2.0,5.0,10.0,82.25,32.5,"gross_margin_decline,operating_margin_decline,debt_over_5x_avg_fcf",3,,,False,,,,,,D_TRAP,,MISS,0,"疑似价值陷阱：gross_margin_decline,operating_margin_decline,debt_over_5x_avg_fcf",-0.8361474656563316,2026-05-20T03:53:49
2899.HK,Zijin Mining Group Company Limited,Basic Materials,Gold,HKD,CNY,1.1497000455856323,32.400001525878906,861539194327.0105,955414116024.6359,415142858367.79333,ANNUAL_FALLBACK,financials_converted_CNY_to_HKD_fx=1.1497;quarterly_ttm_unavailable_used_annual_fallback,0.08895616249219196,0.3019209276125274,0.2412298250807043,0.15864513681488127,65860395563.47945,51100969173.54466,259820036.1285702,50841149137.41609,28501849031.055416,22436160276.567528,0.8315796687541838,0.05901199791279438,0.7719532915409372,114271952726.02316,208146874423.6486,-93874921697.62543,632243199938.9891,324791225796.5676,-108419972027.84021,128996865121.73917,108957285212.16817,1.910352979319671,24.31176643984326,230419689410.9589,0.28582798515111224,0.0004944274458484887,25953515029.003418,0.9760367631312402,0.8133639692760335,0.7229901949120298,0.6506911754208268,-0.9698754099640505,conservative_5y_dcf,conservative_5y_dcf=25953515029; asset_plus_fcf_8x=85614360515; tangible_book_0_8x=103197492097; normalized_net_income_pe=121675549324,COMMODITY_CYCLE_LIMITED_NEEDS_MID_CYCLE_PRICE_COST_RESERVE_REVIEW,precious_metals_miner,MOS_Radar_V6.5.5,0.04666999816894531,0.15,0.02375548907052333,0,16.0,7.0,10.0,8.0,10.0,92.5,51.0,"high_fcf_volatility,debt_over_5x_avg_fcf",2,,,False,,,,,,PASS,,MISS,0,当前价格高于保守内在价值，没有安全边际,-0.9698754099640505,2026-05-20T03:53:49
3690.HK,Meituan,Consumer Cyclical,Internet Retail,HKD,CNY,1.1497000455856323,83.5,515561007220.0,492391952979.3465,419473518108.3343,ANNUAL_FALLBACK,financials_converted_CNY_to_HKD_fx=1.1497;quarterly_ttm_unavailable_used_annual_fallback,0.18375571282859937,0.3042543017927469,-0.08178628708313418,-0.06401181636266834,-26851261810.153126,-31140440872.019173,6900346763.498902,-38040787635.518074,11779049086.606222,7953956316.399542,3.983477902811671,-0.07378523026914122,1.4167225326123747,122755044357.44023,99585990116.78671,23169054240.65352,398842764730.12445,225252024402.84778,33496434947.934387,138912823025.6965,-14661638358.234287,,-15.822778668601025,173657493061.62344,-0.154621959218453,0.010352244577453318,22442611415.11604,3.634793995121773,3.028994995934811,2.6924399963864984,2.423195996747849,-0.9564695329925537,ncav_2_3,ncav_2_3=22442611415; normalized_net_income_pe=85207070473; asset_plus_fcf_8x=86800704772; normalized_fcf_multiple=102708617405; tangible_book_0_8x=111130258421; conservative_5y_dcf=116198952805,GENERAL_OWNER_FCF_MODEL,consumer_cyclical,MOS_Radar_V6.5.5,0.04666999816894531,0.1266699981689453,0.02805498009456509,0,10.0,8.0,1.0,7.0,10.0,75.0,36.0,"latest_fcf_negative,high_fcf_volatility,weak_interest_coverage,debt_over_5x_avg_fcf,negative_operating_margin,negative_net_margin",6,,,False,,,,,,D_TRAP,,MISS,0,"疑似价值陷阱：latest_fcf_negative,high_fcf_volatility,weak_interest_coverage,debt_over_5x_avg_fcf,negative_operating_margin,negative_net_margin",-0.9564695329925537,2026-05-20T03:53:49
3692.HK,Hansoh Pharmaceutical Group Company Limited,Healthcare,Drug Manufacturers - Specialty & Generic,HKD,CNY,1.1497000455856323,33.52000045776367,203230268554.36075,167079588943.48547,17278064787.875652,ANNUAL_FALLBACK,financials_converted_CNY_to_HKD_fx=1.1497;quarterly_ttm_unavailable_used_annual_fallback,0.17003462516105583,0.9003304027781143,0.3691037004525588,0.36966603860816416,6387113764.949203,7184228399.3548155,164715226.13096237,7019513173.223853,4555797951.53749,4069293467.072576,0.4291147585315627,0.03453970327922019,1.0990117651802433,36271505037.765976,120825426.89073086,36150679610.875244,45873435363.58273,5214924436.77187,35663053881.44087,40241575654.379364,7986691438.372493,0.015128345426019407,1754.2726122707147,40658510926.81086,0.15709167943820193,0.020157341622812686,68705027347.45586,11.331936746033346,9.443280621694456,8.39402721928396,7.554624497355564,-0.6619350658926163,asset_plus_fcf_8x,asset_plus_fcf_8x=68705027347; normalized_fcf_multiple=80912907749; conservative_5y_dcf=90388899877; normalized_net_income_pe=90606921288; latest_fcf_capped_10x=106345811343,GENERAL_OWNER_FCF_MODEL,healthcare,MOS_Radar_V6.5.5,0.04666999816894531,0.11,-0.013785743388573198,0,16.5,15.0,14.0,9.0,10.0,100.0,64.5,,0,,,False,,,,,,PASS,,MISS,0,当前价格高于保守内在价值，没有安全边际,-0.6619350658926163,2026-05-20T03:53:49
3968.HK,"China Merchants Bank Co., Ltd.",Financial Services,Banks - Regional,HKD,CNY,1.1497000455856323,46.279998779296875,1167174423628.3357,104721665402.0603,386156652511.1198,TTM,financials_converted_CNY_to_HKD_fx=1.1497,-0.01003338457672287,0.0,0.61954,0.44418475866093443,171524899500.96606,587020747475.3857,,587020747475.3857,445700767572.04535,488120100453.97284,0.17393149688700782,,,1563113786777.4963,500661028551.2209,1062452758226.2754,15503569450116.873,14019783816784.74,,1456147993936.3003,,,,1474323601956.9636,0.11634141871790572,0.0,1456147993936.3003,57.73818035898531,48.11515029915443,42.76902248813727,38.49212023932354,0.24758387817447816,financial_pb_roe_tangible_book_1.00x,financial_pb_roe_tangible_book_1.00x=1456147993936,BANK_LIMITED_PB_ROE_NEEDS_CET1_NIM_NPL_DEPOSIT_COST,financial_pb_roe,MOS_Radar_V6.5.5,0.04666999816894531,0.1266699981689453,-0.02680001204311614,22,0.0,0.0,16.0,0.0,10.0,80.0,48.0,,0,,,False,,,,,,C_THIN,,MISS,0,金融股 PB/ROE 口径有一定折价，但安全边际/ROE/数据质量不足，不进入主候选,0.24758387817447816,2026-05-20T03:53:49
3988.HK,Bank of China Limited,Financial Services,Banks - Diversified,HKD,CNY,1.1497000455856323,5.25,1691615162023.5,-131932128180.19043,771747652599.8115,TTM,financials_converted_CNY_to_HKD_fx=1.1497,0.03970754119346975,0.0,0.53109,0.3654142955039776,282007624781.6086,1139058421963.6917,,1139058421963.6917,793977102981.2098,581228558645.7253,0.665686209934864,,,4800254073430.181,2976706783226.49,1823547290203.6904,45521450095826.51,41787532467376.586,,3527849991079.33,,,,3567930834068.5366,0.07903954361694655,0.0,2822279992863.4644,8.759066657223157,7.299222214352631,6.488197523869005,5.839377771482105,0.668393648994887,financial_pb_roe_tangible_book_0.80x,financial_pb_roe_tangible_book_0.80x=2822279992863,BANK_LIMITED_PB_ROE_NEEDS_CET1_NIM_NPL_DEPOSIT_COST,financial_pb_roe,MOS_Radar_V6.5.5,0.04666999816894531,0.1266699981689453,-0.01882740544024671,36,0.0,0.0,10.0,0.0,10.0,80.0,56.0,,0,,,False,,,,,,C_THIN,,MISS,0,金融股 PB/ROE 口径有一定折价，但安全边际/ROE/数据质量不足，不进入主候选,0.668393648994887,2026-05-20T03:53:49
6098.HK,Country Garden Services Holdings Company Limited,Real Estate,Real Estate Services,HKD,CNY,1.1497000455856323,6.170000076293945,20092123920.57528,,,,financials_converted_CNY_to_HKD_fx=1.1497,,,,,,,,,,,,,,,,,,,,,,,,,,,,,,,,,,,REIT_SKIPPED_NEEDS_AFFO_NOI_CAP_RATE,reit_needs_affo,MOS_Radar_V6.5.5,,,,0,0.0,0.0,0.0,0.0,0.0,0.0,0.0,,0,,,False,,,,,,SKIP,,MISS,0,REIT/地产类公司需要 AFFO/NOI 专门模型，当前模型暂不自动估值,,2026-05-20T03:53:49
6618.HK,JD Health International Inc.,Healthcare,Pharmaceutical Retailers,HKD,CNY,1.1497000455856323,40.459999084472656,129822735132.436,94011128508.10501,84435680951.77663,ANNUAL_FALLBACK,financials_converted_CNY_to_HKD_fx=1.1497;quarterly_ttm_unavailable_used_annual_fallback,0.16259783365803093,0.2478049225773438,0.053658799147136005,0.07319303052782686,6180103373.541236,11523374574.902058,679155409.7285271,10844219165.17353,5854381470.393022,4829947663.932532,0.7326355689800039,0.08353097132109429,1.754698669216552,36542835398.224236,731228773.8932371,35811606624.331,93800118888.8768,24733946613.40153,40050200033.89133,66841959118.185165,7267348263.55052,0.10061837514526785,355.0893854748603,69064578791.21208,0.08948296625719239,0.0033483764214046197,74451187935.79126,23.203139208606913,19.335949340505763,17.18751052489401,15.468759472404608,-0.42651656614812955,asset_plus_fcf_8x,asset_plus_fcf_8x=74451187936; normalized_net_income_pe=77404977748; normalized_fcf_multiple=88941030928; conservative_5y_dcf=100188326413; latest_fcf_capped_10x=144253798276,GENERAL_OWNER_FCF_MODEL,healthcare,MOS_Radar_V6.5.5,0.04666999816894531,0.11,-0.049723985927542194,0,19.0,15.0,0.0,9.0,10.0,100.0,53.0,,0,,,False,,,,,,PASS,,MISS,0,当前价格高于保守内在价值，没有安全边际,-0.42651656614812955,2026-05-20T03:53:49
6690.HK,"Haier Smart Home Co., Ltd.",Consumer Cyclical,"Furnishings, Fixtures & Appliances",HKD,CNY,1.1497000455856323,20.440000534057617,186139229301.33746,182326379060.29138,343155480086.5321,ANNUAL_FALLBACK,financials_converted_CNY_to_HKD_fx=1.1497;quarterly_ttm_unavailable_used_annual_fallback,0.07470321478138353,0.26018509226976994,0.07790396087712291,0.0632038795335766,21688757624.67582,19718940101.832203,,19718940101.832203,18925450268.70994,17656630969.129482,0.1275961267964846,0.10593650879422932,0.909177945692818,58152179373.9423,54339329132.89621,3812850241.046089,345571124995.5752,190598740928.9313,-4824135249.752136,96842190053.62347,28470238214.706738,1.9086362651095206,9.67238308633145,143928335706.01294,0.15069136677142667,-0.0005798663693120654,77473752042.89879,8.50741425693074,7.089511880775618,6.301788338467214,5.671609504620494,-0.5837860061326572,tangible_book_0_8x,tangible_book_0_8x=77473752043; asset_plus_fcf_8x=145065897994; normalized_fcf_multiple=180379159932; latest_fcf_capped_10x=201002251259; conservative_5y_dcf=206095878017; normalized_net_income_pe=223841771631,GENERAL_OWNER_FCF_MODEL,consumer_cyclical,MOS_Radar_V6.5.5,0.04666999816894531,0.1266699981689453,0.005700179732519141,0,20.0,12.0,5.0,9.0,10.0,100.0,56.0,,0,,,False,,,,,,PASS,,MISS,0,当前价格高于保守内在价值，没有安全边际,-0.5837860061326572,2026-05-20T03:53:49
6862.HK,Haidilao International Holding Ltd.,Consumer Cyclical,Restaurants,HKD,CNY,1.1497000455856323,14.279999732971191,77333029249.11127,76565284852.07019,49696192613.95514,ANNUAL_FALLBACK,financials_converted_CNY_to_HKD_fx=1.1497;quarterly_ttm_unavailable_used_annual_fallback,0.11672264517542685,0.2614638792440224,0.12014677496575794,0.09369093671989508,4656082837.413788,4502011534.304857,67548326.77829266,4434463207.526565,7108840267.965675,6856372173.88031,0.27534853130803966,0.057342422126539505,0.9524021290801773,7590719796.572208,6822975399.531126,767744397.0410824,25397106246.39583,13894202080.80542,393438852.59986115,11358846749.878525,9464285936.959148,0.7209181384605684,21.802174597510547,11513018076.891422,0.40441896350005174,8.833610341651976e-05,263604031.24190697,0.04867603832792857,0.04056336527327381,0.036056324687354493,0.03245069221861905,-0.9965913137788414,ncav_2_3,ncav_2_3=263604031; tangible_book_0_8x=9087077400; asset_plus_fcf_8x=36243450057; normalized_fcf_multiple=45112376472; latest_fcf_capped_10x=45112376472; normalized_net_income_pe=47027683335; conservative_5y_dcf=52633463289,GENERAL_OWNER_FCF_MODEL,consumer_cyclical,MOS_Radar_V6.5.5,0.04666999816894531,0.1266699981689453,0.008726176428807667,0,18.0,13.0,7.0,7.0,10.0,100.0,55.0,,0,,,False,,,,,,PASS,,MISS,0,当前价格高于保守内在价值，没有安全边际,-0.9965913137788414,2026-05-20T03:53:49
9618.HK,"JD.com, Inc.",Consumer Cyclical,Internet Retail,HKD,CNY,1.1497000455856323,128.0,349650107520.0,356767900502.2207,1521854501241.565,ANNUAL_FALLBACK,financials_converted_CNY_to_HKD_fx=1.1497;quarterly_ttm_unavailable_used_annual_fallback,0.07757141521924282,0.16258025817086535,-0.002293576248945189,0.01045783136170891,15915297731.041908,5526608119.130135,5433482415.437698,93125703.69243622,29148728489.081066,29724919828.59373,0.6062290344218646,0.0002663396969986901,0.0058513328035830385,117072805941.93936,124190598924.16,-7117792982.220642,788374614659.0709,465619320861.8164,-46367402838.46857,167769979152.08337,25247413001.060486,4.918943533697632,-1.0508826583592938,248893964068.65118,0.06394408876324566,-0.04760225669957685,134215983321.6667,49.133821199213166,40.944850999344304,36.39542311052827,32.75588079947544,-0.6161420218811471,tangible_book_0_8x,tangible_book_0_8x=134215983322; normalized_net_income_pe=167950482059,GENERAL_OWNER_FCF_MODEL,consumer_cyclical,MOS_Radar_V6.5.5,0.04666999816894531,0.1266699981689453,0.020069357553060864,0,10.0,3.0,0.0,7.0,10.0,75.0,30.0,"high_debt_to_ebitda,weak_interest_coverage,negative_operating_margin,weak_cash_conversion",4,,,False,,,,,,D_TRAP,,MISS,0,"疑似价值陷阱：high_debt_to_ebitda,weak_interest_coverage,negative_operating_margin,weak_cash_conversion",-0.6161420218811471,2026-05-20T03:53:49
9633.HK,"Nongfu Spring Co., Ltd.",Consumer Defensive,Beverages - Non-Alcoholic,HKD,CNY,1.1497000455856323,42.91999816894531,482698317295.105,475012716202.8707,60420083022.65763,ANNUAL_FALLBACK,financials_converted_CNY_to_HKD_fx=1.1497;quarterly_ttm_unavailable_used_annual_fallback,0.16497192359171198,0.6052586621749395,0.3864053960094693,0.30194853148950274,18243755341.165306,16493082938.051105,88341801.8027544,16404741136.248352,11972548203.07847,11160298725.656094,0.3962328166569812,0.033985494766535645,0.899197606494569,12850857337.336779,5165256245.102525,7685601092.234254,74924949432.37592,29546311627.11191,993807617.604496,45285633969.77639,28026295496.24324,0.18430035627772842,303.5430723927114,45378637805.26399,0.402034001537371,0.0,96967990897.483,8.622085146449466,7.185070955374555,6.3867297381107155,5.748056764299644,-0.7991126394621341,asset_plus_fcf_8x,asset_plus_fcf_8x=96967990897; normalized_fcf_multiple=141609185800; conservative_5y_dcf=165995567770; latest_fcf_capped_10x=171733012455; normalized_net_income_pe=189154899545,GENERAL_OWNER_FCF_MODEL,defensive_consumer,MOS_Radar_V6.5.5,0.04666999816894531,0.1,0.02454475069852093,0,14.5,13.0,15.0,10.0,10.0,100.0,62.5,,0,,,False,,,,,,PASS,,MISS,0,当前价格高于保守内在价值，没有安全边际,-0.7991126394621341,2026-05-20T03:53:49
9868.HK,XPeng Inc.,Consumer Cyclical,Auto Manufacturers,HKD,CNY,1.1497000455856323,58.54999923706055,111918404282.09018,114475413063.67563,88204690874.71796,ANNUAL_FALLBACK,financials_converted_CNY_to_HKD_fx=1.1497;quarterly_ttm_unavailable_used_annual_fallback,0.41892688488416696,0.18864660676257225,-0.034594707057278684,-0.014852239727292096,-1310037213.9430046,5646719582.292558,648806777.6252031,4997912804.667355,-947608070.9726807,-4626228288.905054,,0.04465675539896122,-3.8150922366735127,19923855706.38132,22480864487.966774,-2557008781.585453,118606080413.73372,83691311106.36234,-10968383320.996628,26287650105.30591,-893169773.8142014,,-6.985734251745712,34914769307.371376,-0.037521004432540334,0.004341732960117861,21030120084.244728,11.001885907739505,9.168238256449587,8.149545116844077,7.334590605159669,-0.8120941750452558,tangible_book_0_8x,tangible_book_0_8x=21030120084; asset_plus_fcf_8x=37426293656; normalized_fcf_multiple=47422119265; latest_fcf_capped_10x=47422119265; conservative_5y_dcf=55898846739,GENERAL_OWNER_FCF_MODEL,consumer_cyclical,MOS_Radar_V6.5.5,0.04666999816894531,0.1266699981689453,-0.05318403573076802,0,6.5,3.0,0.0,7.0,10.0,69.75,26.5,"avg_fcf_not_positive,weak_interest_coverage,negative_operating_margin,negative_net_margin",4,,,False,,,,,,D_TRAP,,MISS,0,"疑似价值陷阱：avg_fcf_not_positive,weak_interest_coverage,negative_operating_margin,negative_net_margin",-0.8120941750452558,2026-05-20T03:53:49
9888.HK,"Baidu, Inc.",Communication Services,Internet Content & Information,HKD,CNY,1.1497000455856323,135.1999969482422,368017267667.4503,451337179671.0867,148402132184.14783,ANNUAL_FALLBACK,financials_converted_CNY_to_HKD_fx=1.1497;quarterly_ttm_unavailable_used_annual_fallback,0.014357919775069172,0.4388242859024319,0.08031515583479885,0.043299064913735,6425673554.778099,-18889571748.97194,4144668664.3362045,-23034240413.308144,2732837008.357048,5208141206.502914,3.2503951209687174,-0.06259010768517108,-3.5847199856861693,28289519321.68007,111609431325.31644,-83319912003.63637,516395823375.10583,183297827967.76294,-8577912040.11438,235825323650.47934,10922150433.063507,10.218631578947369,3.723778735632184,306199613140.8215,0.02098524387038636,-0.015038714936965403,,,,,,,NO_VALID_VALUATION,,GENERAL_OWNER_FCF_MODEL,communication_services,MOS_Radar_V6.5.5,0.04666999816894531,0.11,0.057049094192008584,0,5.0,0.0,4.0,5.0,10.0,67.5,24.0,"latest_fcf_negative,revenue_decline_streak,gross_margin_decline,operating_margin_decline,high_fcf_volatility,high_debt_to_ebitda,debt_over_5x_avg_fcf,weak_cash_conversion",8,,,False,,,,,,NO_DATA,,MISS,0,估值数据不足：NO_VALID_VALUATION,,2026-05-20T03:53:49
9961.HK,Trip.com Group Limited,Consumer Cyclical,Travel Services,HKD,CNY,1.1497000455856323,379.20001220703125,238784227869.23132,229317597693.8792,71751630144.95374,ANNUAL_FALLBACK,financials_converted_CNY_to_HKD_fx=1.1497;quarterly_ttm_unavailable_used_annual_fallback,0.4603503514179359,0.8057651941226425,0.2742232690797801,0.5334807479690429,38278113317.72804,15615226019.144058,2609819103.4793854,13005406915.664673,18344613927.36435,14032951331.406832,0.5857038209192424,0.05446510027784164,0.3397609178831021,45813247416.49628,36346617241.14418,9466630175.352097,307414846089.0055,108976618220.92532,30194572297.215485,109989503961.08627,45639642709.61285,0.7963825981812228,20.157832744405184,196540073092.81827,0.19475984065423022,-0.005644127165124413,20230363439.134377,32.12672014197522,26.77226678497935,23.7975704755372,21.41781342798348,-0.9152776394837375,ncav_2_3,ncav_2_3=20230363439; tangible_book_0_8x=87991603169; asset_plus_fcf_8x=113509885501; normalized_fcf_multiple=139520699332; latest_fcf_capped_10x=139520699332; conservative_5y_dcf=161578565170; normalized_net_income_pe=204485075258,GENERAL_OWNER_FCF_MODEL,consumer_cyclical,MOS_Radar_V6.5.5,0.04666999816894531,0.1266699981689453,0.08221042907845183,0,13.0,13.0,14.0,9.0,10.0,94.5,59.0,gross_margin_decline,1,,,False,,,,,,PASS,,MISS,0,当前价格高于保守内在价值，没有安全边际,-0.9152776394837375,2026-05-20T03:53:49
9988.HK,Alibaba Group Holding Limited,Consumer Cyclical,Internet Retail,HKD,CNY,1.1497000455856323,134.6999969482422,2585306734169.9927,2740017270504.2686,1168950623148.9182,ANNUAL_FALLBACK,financials_converted_CNY_to_HKD_fx=1.1497;quarterly_ttm_unavailable_used_annual_fallback,0.05311712171208316,0.407549983083254,0.08751268755950369,0.08911781136647964,104174321130.51413,89144292434.57318,16061309636.831284,73082982797.7419,126181112936.41725,113451825648.3674,0.3464991082776394,0.02826859259359994,0.7015450833241366,147361653642.89282,302072189977.16907,-154710536334.27625,2159480445923.4475,887994973909.0204,-184130210800.76697,891701606855.9885,149297748519.65906,2.023286975003465,8.855294585987263,1195291400893.3306,0.08715391163414786,0.005379003583404041,429953326047.65894,22.40148565005755,18.66790470838129,16.5936930741167,14.934323766705033,-0.8336934954893487,asset_plus_fcf_8x,asset_plus_fcf_8x=429953326048; normalized_fcf_multiple=576119291643; latest_fcf_capped_10x=576119291643; conservative_5y_dcf=614378696433; tangible_book_0_8x=713361285485; normalized_net_income_pe=936541633184,GENERAL_OWNER_FCF_MODEL,consumer_cyclical,MOS_Radar_V6.5.5,0.04666999816894531,0.1266699981689453,0.014397601233882349,0,13.0,4.0,4.0,6.0,10.0,99.5,37.0,,0,,,False,,,,,,PASS,,MISS,0,当前价格高于保守内在价值，没有安全边际,-0.8336934954893487,2026-05-20T03:53:49
9999.HK,"NetEase, Inc.",Communication Services,Electronic Gaming & Multimedia,HKD,CNY,1.1497000455856323,177.60000610351562,568955356202.6843,522463599507.88513,129485895442.01863,TTM,financials_converted_CNY_to_HKD_fx=1.1497,0.05287421068252862,0.6428532671912397,0.3181763394601026,0.29975190322054696,38813643598.96183,55975831268.942955,4193717167.680979,51782114101.26198,40791260659.34106,36885635712.31628,0.2664202345905646,0.09101261379603771,1.334121440292893,54228941378.97873,7737184684.179544,46491756694.79919,254560904575.34552,64740817901.674866,142912804238.69586,176416688093.2256,43783215147.80545,0.17671577242694467,,184292455321.49994,0.2106089667710545,0.00762391018255526,341576842393.3294,106.62356656374278,88.85297213645232,78.9804196768465,71.08237770916186,-0.39964210079139095,asset_plus_fcf_8x,asset_plus_fcf_8x=341576842393; normalized_net_income_pe=436969767222; normalized_fcf_multiple=452233749530; conservative_5y_dcf=487545950328; latest_fcf_capped_10x=564312897707,GENERAL_OWNER_FCF_MODEL,communication_services,MOS_Radar_V6.5.5,0.04666999816894531,0.11,-0.05094447053420849,0,19.0,13.0,14.0,8.0,10.0,100.0,64.0,,0,,,False,,,,,,PASS,,MISS,0,当前价格高于保守内在价值，没有安全边际,-0.39964210079139095,2026-05-20T03:53:49
